Unique_Id,Manufacturer_Guarantee,BOVAG_Guarantee,Guarantee_Duration_Months,ABS_Brake_System,Airbag_1_Presence,Airbag_2_Presence,Air_Conditioning,Automatic_Air_Conditioning,Board_Computer,CD_Player_Presence,Central_Locking,Powered_Windows,Power_Steering,Radio_Presence,Mist_Lamps,Sport_Model_Presence,Backseat_Divider_Presence,Metallic_Rim_Presence,Radio_Cassette,Parking_Assistant,Tow_Bar_Presence
1,0,1,3,1,1,1,0,0,1,0,1,1,1,0,0,0,1,0,0,0,0
2,0,1,3,1,1,1,1,0,1,1,1,0,1,0,0,0,1,0,0,0,0
3,1,1,3,1,1,1,0,0,1,0,0,0,1,0,0,0,1,0,0,0,0
4,1,1,3,1,1,1,0,0,1,0,0,0,1,0,0,0,1,0,0,0,0
5,1,1,3,1,1,1,1,0,1,0,1,1,1,0,1,0,1,0,0,0,0
6,0,1,3,1,1,1,1,0,1,0,1,1,1,0,1,0,1,0,0,0,0
7,0,1,3,1,1,1,1,0,1,0,1,1,1,0,0,1,1,0,0,0,0
8,1,1,3,1,1,1,1,0,1,1,1,1,1,0,0,0,1,0,0,0,0
9,0,1,3,1,1,0,1,0,0,0,1,1,1,1,0,0,0,1,1,0,0
10,0,1,3,1,1,1,1,0,1,0,0,0,1,0,0,0,1,0,0,0,0
11,1,1,12,1,1,1,1,1,0,1,1,1,1,0,0,0,0,1,0,0,0
12,1,1,3,1,1,1,1,1,1,0,1,1,1,0,1,1,1,1,0,0,0
13,1,1,3,1,1,1,1,1,1,0,1,1,1,0,1,1,1,1,0,0,0
14,1,1,3,1,1,1,1,1,1,1,1,1,1,0,1,1,1,1,0,0,0
15,1,1,3,1,1,1,1,1,1,1,1,1,1,0,1,1,1,1,0,0,0
16,0,1,3,1,1,1,1,1,1,0,1,1,1,0,1,1,1,1,0,0,0
17,0,1,3,1,1,1,1,1,1,1,1,1,1,0,1,0,1,1,0,0,0
18,0,0,18,1,1,0,1,0,0,0,1,1,1,1,0,0,0,0,1,0,1
19,0,0,3,1,1,1,1,1,1,1,1,1,1,0,1,0,0,0,0,0,0
20,1,1,3,1,1,1,1,0,1,1,1,1,1,0,0,1,1,0,0,0,0
21,1,1,3,1,1,1,1,0,1,1,1,1,1,0,0,1,1,0,0,0,1
22,0,1,3,1,1,1,1,1,1,0,1,1,1,0,1,1,1,0,0,0,0
23,0,1,3,1,1,1,1,1,1,1,1,1,1,0,1,1,1,1,0,0,1
24,1,1,3,1,1,1,1,1,1,1,1,1,1,0,1,1,1,0,0,0,0
25,1,1,3,1,1,1,1,1,1,1,1,1,1,0,1,1,1,0,0,0,0
26,0,1,3,1,1,1,1,1,1,1,1,1,1,0,1,1,1,1,0,0,1
27,1,1,3,1,1,1,1,1,1,1,1,1,1,0,1,0,1,1,0,0,0
28,1,1,3,1,1,1,1,1,1,1,1,1,1,0,1,1,1,1,0,0,0
29,1,1,3,1,1,1,1,1,1,0,1,1,1,0,1,1,1,0,0,0,0
30,1,1,3,1,1,1,1,1,1,1,1,1,1,0,1,1,1,0,0,0,0
31,1,1,12,1,1,0,0,0,0,0,0,0,1,1,0,0,0,0,1,0,0
32,1,1,3,1,1,1,1,0,1,1,1,1,1,0,0,1,1,1,0,0,1
33,1,1,3,1,1,1,1,0,1,0,1,1,1,0,0,1,1,0,0,0,0
34,0,1,3,1,1,1,1,0,1,0,1,1,1,0,0,1,1,0,0,0,0
35,0,0,3,1,1,1,1,0,1,1,1,1,1,0,0,1,1,0,0,0,0
36,1,1,3,1,1,1,1,0,1,1,1,1,1,0,0,1,1,0,0,0,0
37,0,1,3,1,1,1,1,0,1,1,1,1,1,0,0,1,1,0,0,0,0
38,1,1,3,1,1,1,0,0,1,0,1,1,1,0,0,1,1,0,0,0,0
39,1,1,3,1,1,1,1,0,1,1,1,1,1,0,0,1,1,0,0,0,0
40,1,1,3,1,1,1,0,0,1,0,0,0,1,0,0,1,1,0,0,0,0
41,0,1,3,1,1,1,0,0,1,0,0,0,1,0,0,1,1,0,0,0,0
42,1,1,3,1,1,1,1,0,1,1,1,1,1,0,0,1,1,0,0,0,0
43,1,1,3,1,1,1,0,0,1,0,0,0,1,0,0,1,1,0,0,0,0
44,1,1,3,1,1,1,1,0,1,0,1,1,1,0,0,1,1,0,0,0,0
45,1,1,3,1,1,1,1,0,1,0,1,1,1,0,0,1,1,0,0,0,0
46,0,1,3,1,1,1,1,1,1,0,1,1,1,0,0,0,1,0,0,0,0
47,0,1,3,1,1,1,1,0,1,1,1,1,1,0,0,1,1,0,0,0,0
48,0,1,3,1,1,1,1,0,1,1,1,1,1,0,0,1,1,0,0,0,1
49,1,1,3,1,1,1,1,0,1,0,1,1,1,0,0,1,1,0,0,0,0
50,1,1,3,1,1,1,1,1,1,0,1,1,1,0,1,1,1,1,0,0,0
51,1,1,3,1,1,1,1,0,1,1,1,1,1,0,0,1,1,0,0,0,0
52,0,1,3,1,1,1,1,0,1,1,1,1,1,0,0,0,1,1,0,0,0
53,1,1,3,1,1,1,1,1,1,1,1,1,1,0,1,1,1,1,0,0,0
54,0,1,13,1,1,0,1,0,0,0,1,1,1,1,0,0,0,1,1,0,0
55,0,1,3,1,1,1,0,0,1,1,0,0,1,0,0,1,1,0,0,0,0
56,1,1,3,1,1,1,1,0,1,1,1,1,1,0,0,0,1,0,0,0,1
57,0,1,3,1,1,1,1,0,1,0,1,1,1,0,0,1,1,0,0,0,0
58,1,1,3,1,1,1,1,0,1,0,1,1,1,0,0,1,1,0,0,0,0
59,1,1,3,1,1,1,1,1,1,1,1,1,1,0,1,1,1,0,0,0,0
60,0,1,3,1,1,1,1,1,1,0,1,1,1,0,1,1,1,0,0,0,0
61,0,1,3,1,1,1,1,0,1,1,1,1,1,0,0,1,1,0,0,0,0
62,0,1,3,1,1,1,1,1,1,1,1,1,1,0,1,1,1,0,0,0,0
63,1,1,3,1,1,1,1,1,1,0,1,1,1,0,1,1,1,0,0,0,1
64,1,1,3,1,1,1,1,1,1,0,1,1,1,0,1,1,1,0,0,0,0
65,0,1,3,1,1,1,1,0,1,1,1,1,1,0,0,1,1,0,0,0,1
66,0,1,12,1,1,0,1,1,1,1,1,1,1,0,1,0,0,0,0,0,0
67,1,1,3,1,1,1,1,1,1,1,1,1,1,0,1,1,1,0,0,0,0
68,0,1,3,1,1,1,1,0,1,1,1,1,1,0,0,1,1,0,0,0,0
69,1,1,3,1,1,1,1,1,1,1,1,1,1,0,0,1,1,0,0,0,0
70,1,1,3,1,1,1,0,0,1,1,0,1,1,0,0,1,1,0,0,0,0
71,1,1,3,1,1,1,1,0,1,1,1,1,1,0,0,1,1,0,0,0,0
72,1,1,3,1,1,1,1,0,1,1,0,1,1,0,0,0,1,1,0,0,0
73,1,1,3,1,1,1,1,1,0,1,1,1,1,0,1,0,1,0,0,0,0
74,0,1,3,1,1,1,0,0,1,1,0,0,1,0,0,1,1,0,0,0,0
75,1,0,3,1,1,1,1,1,0,1,1,1,1,0,1,0,1,1,0,0,0
76,1,1,3,1,1,1,1,0,1,1,1,1,1,0,0,1,1,0,0,0,0
77,1,1,3,1,1,1,1,1,1,1,1,1,1,0,1,1,1,0,0,0,0
78,0,1,3,1,1,1,0,0,1,0,1,1,1,0,0,1,1,0,0,0,0
79,1,1,3,1,1,1,1,0,1,1,1,1,1,0,0,0,0,0,0,0,0
80,1,1,3,1,1,1,0,0,1,1,1,1,1,0,0,1,1,0,0,0,0
81,0,0,3,1,1,1,1,1,0,1,1,1,1,0,0,0,0,0,0,0,0
82,1,1,3,1,1,1,1,0,1,1,1,1,1,0,0,1,1,0,0,0,0
83,0,1,3,1,1,1,0,0,1,1,0,0,1,0,0,1,1,0,0,0,0
84,1,1,3,1,1,1,1,1,1,1,1,1,1,0,1,1,1,0,0,1,0
85,1,1,3,1,1,1,1,0,1,1,1,1,1,0,0,1,1,0,0,0,0
86,0,1,3,1,1,1,1,1,1,0,1,1,1,0,1,1,1,0,0,0,0
87,0,0,12,1,1,0,1,0,0,0,1,0,1,1,0,0,0,0,1,0,0
88,0,1,3,1,1,1,1,0,1,1,1,1,1,0,0,1,1,0,0,0,0
89,1,1,3,1,1,1,1,0,1,1,1,1,1,0,0,1,1,0,0,0,0
90,1,1,3,1,1,1,1,1,1,1,1,1,1,0,0,1,1,0,0,0,0
91,1,1,3,1,1,1,1,0,1,1,1,1,1,0,0,1,1,0,0,0,0
92,0,1,3,1,1,1,1,1,1,1,1,1,1,0,0,1,1,0,0,0,0
93,0,0,3,1,1,1,1,1,0,1,1,1,1,0,0,0,0,1,0,0,0
94,0,1,3,1,1,1,1,0,1,1,1,1,1,0,0,1,1,0,0,0,0
95,0,1,20,1,1,0,1,0,0,0,1,1,1,1,0,0,0,0,1,0,0
96,0,0,3,1,1,1,1,1,0,1,1,1,1,0,0,0,0,0,0,0,0
97,0,1,3,1,1,1,1,0,1,1,1,1,1,0,0,1,1,0,0,0,0
98,1,1,3,1,1,1,1,0,1,1,1,1,1,0,0,1,1,0,0,0,0
99,0,0,3,1,1,1,1,1,1,0,1,1,1,0,1,1,1,1,0,0,0
100,1,1,3,1,1,1,1,0,1,1,1,1,1,0,0,1,1,1,0,0,0
101,1,1,3,1,1,1,1,1,1,0,1,1,1,0,1,1,1,0,0,0,0
102,0,1,3,1,1,1,1,0,1,0,1,1,1,0,0,1,1,1,0,0,0
103,0,1,12,1,1,0,1,0,0,0,1,1,1,1,0,0,0,0,1,0,0
104,1,1,3,1,1,1,1,0,1,1,1,1,1,0,1,1,1,1,0,0,0
105,1,1,3,1,1,1,1,0,1,0,1,1,1,0,0,1,1,0,0,0,0
106,1,1,3,1,1,1,1,0,1,1,1,1,1,0,0,0,1,0,0,0,0
107,0,0,12,1,1,0,1,0,0,0,1,1,1,1,0,0,0,0,1,0,0
108,1,1,3,1,1,1,1,0,1,1,1,1,1,0,0,1,1,0,0,0,0
109,1,1,3,1,1,1,1,0,1,1,1,1,1,0,0,1,1,0,0,0,0
111,1,1,3,1,1,1,1,1,1,0,1,1,1,0,1,1,1,0,0,0,0
112,0,1,3,1,1,1,1,1,1,1,1,1,1,0,1,1,1,1,0,0,0
113,1,1,3,1,1,1,1,1,1,1,1,1,1,0,1,1,1,0,0,0,0
114,0,0,3,1,1,1,1,1,0,1,1,1,1,0,0,0,0,0,0,0,0
115,0,0,3,1,1,1,1,1,0,1,1,1,1,0,0,0,0,0,0,0,0
116,0,1,3,1,1,1,1,0,1,1,1,1,1,0,0,1,1,1,0,0,0
117,1,1,3,1,1,1,1,1,1,0,1,1,1,0,0,1,1,1,0,0,0
118,0,1,3,1,1,1,1,1,1,1,1,1,1,0,0,0,1,0,0,0,0
119,0,1,3,1,1,1,1,0,1,0,1,1,1,0,0,1,1,0,0,0,0
120,0,1,3,1,1,1,1,0,1,1,1,1,1,0,0,1,1,0,0,0,0
121,1,1,3,1,1,0,1,1,1,1,1,1,1,0,1,0,1,1,0,0,0
122,0,1,3,1,1,1,1,0,1,0,1,1,1,0,0,1,1,0,0,0,0
123,0,0,3,1,1,0,1,0,0,0,1,1,1,1,0,0,0,0,1,0,1
124,1,1,3,1,1,1,0,0,1,1,1,1,1,0,0,0,1,0,0,0,0
125,1,1,3,1,1,1,1,1,1,1,1,1,1,0,1,1,1,0,0,0,1
126,1,1,3,1,1,1,1,1,1,0,1,1,1,0,1,1,1,0,0,0,0
127,1,1,3,1,1,1,1,1,1,1,1,1,1,0,1,1,1,1,0,0,0
128,0,1,3,1,1,0,1,0,0,0,1,1,1,1,0,0,0,1,1,0,1
129,0,0,3,1,1,1,1,0,1,1,1,1,1,0,0,1,1,0,0,0,0
130,0,1,3,1,1,1,1,1,1,0,1,1,1,0,1,1,1,0,0,0,0
131,0,0,3,1,1,1,1,0,1,1,1,1,1,0,0,0,0,0,0,0,0
132,0,1,3,1,1,1,1,0,1,1,1,1,1,0,0,1,1,0,0,0,0
133,1,1,3,1,1,1,1,0,1,1,1,1,1,0,0,1,1,0,0,0,0
134,0,1,3,1,1,1,1,0,1,1,1,1,1,0,0,1,1,0,0,0,0
135,0,0,24,1,1,1,1,0,1,1,1,1,1,0,0,0,0,0,0,0,0
136,0,1,3,1,1,1,1,0,1,1,1,1,1,0,0,0,1,0,0,0,0
137,1,1,3,1,1,1,1,0,1,0,1,1,1,0,0,1,1,0,0,0,0
138,0,1,3,1,1,1,1,1,1,1,1,1,1,0,1,1,1,0,0,0,0
139,0,0,24,1,1,1,1,0,1,1,1,1,1,0,0,0,0,0,0,0,0
140,0,0,3,1,1,1,1,0,1,1,1,1,1,0,0,0,0,1,0,0,0
141,0,0,3,1,1,1,1,1,0,1,1,1,1,0,0,0,0,0,0,0,0
142,1,1,3,1,1,1,1,0,1,1,1,1,1,0,0,1,1,0,0,0,0
143,0,1,12,1,1,0,1,0,0,0,1,1,1,1,0,0,0,1,1,0,0
144,1,1,3,1,1,1,1,1,1,1,1,1,1,0,1,1,1,1,0,0,0
145,1,1,3,1,1,1,1,0,1,1,1,1,1,0,0,1,1,0,0,0,0
146,1,1,3,1,1,1,1,1,1,1,1,1,1,0,1,1,1,0,0,0,0
147,1,1,3,1,1,1,0,0,1,0,1,1,1,0,0,1,1,0,0,0,0
148,0,1,3,1,1,1,1,0,1,1,1,1,1,0,0,0,1,0,0,0,0
149,1,1,3,1,1,1,1,1,1,1,1,1,1,0,1,1,1,1,0,0,0
150,1,1,3,1,1,1,1,1,1,0,1,1,1,0,1,1,1,0,0,0,0
151,0,1,3,1,1,1,1,1,1,1,1,1,1,0,1,1,1,0,0,0,0
152,1,1,3,1,1,1,1,0,1,1,1,1,1,0,0,1,1,0,0,0,0
153,1,1,3,1,1,1,1,1,1,0,1,1,1,0,1,1,1,0,0,0,0
154,1,1,3,1,1,1,1,0,1,1,1,1,1,0,1,1,1,1,0,0,0
155,1,1,3,1,1,1,1,0,1,1,1,1,1,0,1,1,1,1,0,0,0
156,1,1,3,1,1,1,1,1,1,0,1,1,1,0,1,1,1,1,0,0,0
157,1,1,3,1,1,1,1,0,1,1,1,1,1,0,0,1,1,0,0,0,0
158,1,1,3,1,1,1,1,1,1,1,1,1,1,0,1,1,1,0,0,0,0
159,1,1,3,1,1,1,1,0,1,1,1,1,1,0,0,0,1,0,0,0,0
160,0,1,3,1,1,1,1,1,1,1,1,1,1,0,1,1,1,1,0,0,0
161,0,1,3,1,1,1,1,1,1,1,1,1,1,0,1,1,1,0,0,0,0
162,1,1,3,1,1,1,1,1,1,0,1,1,1,0,1,1,1,0,0,0,0
163,0,1,12,1,1,1,1,0,1,0,1,1,1,0,0,1,1,0,0,0,0
164,0,1,3,1,1,1,1,0,1,0,1,1,1,0,0,1,1,0,0,0,0
165,0,1,28,1,1,0,1,0,0,0,1,1,1,1,0,0,0,0,1,0,0
166,1,1,3,1,1,1,1,0,1,1,1,1,1,0,0,0,1,0,0,0,0
167,0,1,3,1,1,1,1,1,1,1,1,1,1,0,1,1,1,0,0,0,0
168,0,1,3,1,1,1,1,1,1,1,1,1,1,0,1,1,1,1,0,0,0
169,1,1,3,1,1,1,1,1,1,1,1,1,1,0,1,1,1,0,0,0,0
170,1,1,3,1,1,1,1,1,1,1,1,1,1,0,1,1,1,0,0,0,0
171,0,0,36,1,1,1,1,0,1,1,1,1,1,0,0,0,0,0,0,0,0
172,0,0,36,1,1,1,1,0,1,1,1,1,1,0,0,0,0,0,0,0,0
173,0,1,24,1,1,0,0,0,0,0,1,1,1,1,0,0,0,1,1,0,0
174,1,1,3,1,1,1,1,0,1,1,1,1,1,0,1,1,1,1,0,0,0
175,0,1,3,1,1,1,1,0,1,1,1,1,1,0,1,1,1,0,0,0,0
176,1,1,3,1,1,1,1,1,1,1,1,1,1,0,1,1,1,1,0,0,1
177,1,1,3,1,1,1,1,1,1,1,1,1,1,0,1,1,1,1,0,0,0
178,0,1,3,1,1,1,1,0,1,0,1,1,1,0,0,1,1,1,0,0,0
179,0,1,3,1,1,1,1,0,1,1,1,1,1,0,1,0,1,1,0,0,0
180,0,1,3,1,1,1,1,1,1,0,1,1,1,0,1,1,1,1,0,0,0
181,1,1,3,1,1,1,1,1,1,1,1,1,1,0,1,0,1,1,0,0,0
182,0,1,24,1,1,0,1,0,1,1,1,1,1,0,1,0,0,1,0,0,0
183,0,1,3,1,1,1,1,0,1,1,1,1,1,0,0,1,1,0,0,0,0
184,1,1,3,1,1,1,1,0,1,1,1,1,1,0,0,1,1,1,0,0,0
185,1,1,3,1,1,1,1,1,1,1,1,1,1,0,1,1,1,0,0,0,0
186,0,0,36,1,1,1,1,0,1,1,1,1,1,0,0,0,0,0,0,0,0
187,0,0,36,1,1,1,1,0,1,1,1,1,1,0,0,0,0,0,0,0,0
188,0,1,3,1,1,1,1,0,0,0,1,1,1,1,1,0,1,1,1,0,0
189,0,1,3,1,1,1,1,0,1,0,1,1,1,0,1,0,1,0,0,0,0
190,0,1,3,1,1,1,1,0,1,1,1,1,1,0,1,0,1,0,0,0,0
191,0,1,3,1,1,1,0,0,1,0,0,0,1,1,0,0,1,0,1,0,0
192,0,1,3,1,1,1,0,0,1,1,1,0,1,0,0,0,1,0,0,0,0
193,0,0,3,1,1,0,0,0,1,0,1,1,1,0,0,0,0,0,0,0,0
194,0,0,3,1,1,0,1,0,0,0,1,1,1,0,0,0,0,0,0,0,0
195,0,1,3,1,1,1,1,0,1,0,0,0,1,0,0,0,1,0,0,0,1
196,0,1,3,1,1,1,1,0,0,1,1,1,1,0,0,0,1,0,0,0,0
197,0,1,3,1,1,1,1,0,1,1,1,1,1,0,0,0,1,0,0,0,0
198,0,0,6,1,1,0,1,0,0,0,1,1,1,0,0,0,0,0,0,0,0
199,0,1,3,1,1,1,1,0,0,0,1,1,1,0,1,0,1,0,0,0,1
200,0,1,3,1,1,1,0,0,1,0,0,0,1,0,0,0,1,0,0,0,0
201,1,1,3,1,1,1,1,0,1,1,1,0,1,0,0,0,1,0,0,0,1
202,1,1,3,1,1,1,1,0,1,1,0,0,1,0,0,0,1,1,0,0,0
203,0,1,12,1,1,0,1,0,0,0,0,0,1,1,0,0,0,0,1,0,1
204,1,1,3,1,1,1,1,0,1,0,1,1,1,0,0,0,1,0,0,0,0
205,0,1,3,1,1,1,1,0,1,0,1,1,1,0,1,0,1,0,0,0,0
206,0,0,3,0,1,1,0,0,0,0,1,1,1,1,0,0,1,1,1,0,0
207,1,1,3,1,1,1,1,0,1,1,1,1,1,0,1,1,1,1,0,0,0
208,0,1,3,1,1,1,1,0,1,0,1,1,1,0,0,0,1,0,0,0,0
209,1,1,3,1,1,1,0,0,1,1,0,0,1,0,0,0,1,0,0,0,0
210,0,1,3,1,1,1,1,0,1,0,1,1,1,0,1,0,1,0,0,0,0
211,1,1,3,1,1,1,1,0,1,1,1,1,1,0,1,0,1,0,0,0,0
212,0,1,3,1,1,1,1,0,1,0,1,0,1,0,0,0,1,0,0,0,0
213,0,1,3,1,1,1,1,0,1,1,1,1,1,0,1,0,1,0,0,0,0
214,0,1,3,1,1,1,1,0,1,1,1,1,1,0,0,0,1,0,0,0,1
215,0,1,3,1,1,1,0,0,1,1,0,0,1,0,0,0,1,0,0,0,1
216,1,1,3,1,1,1,1,0,1,0,1,1,1,0,1,0,1,0,0,0,0
217,0,1,3,1,1,1,1,0,1,0,1,1,1,0,0,0,1,0,0,0,0
218,1,1,3,1,1,1,1,0,1,0,1,1,1,1,0,0,1,0,1,0,0
219,1,1,3,1,1,1,0,0,1,0,0,0,1,0,0,0,1,0,0,0,0
220,1,1,3,1,1,1,0,0,1,0,1,0,1,0,0,0,1,1,0,0,0
221,1,1,3,1,1,1,1,0,1,1,1,1,1,0,0,0,1,0,0,0,1
222,0,1,6,0,1,0,0,0,0,0,0,0,1,1,0,0,0,0,1,0,1
223,1,1,3,0,1,0,1,0,0,1,1,1,1,0,0,0,1,0,0,0,0
224,1,1,3,1,1,1,1,0,0,1,1,1,1,0,0,0,1,0,0,0,1
225,1,1,3,1,1,1,1,0,1,1,1,1,1,0,0,0,1,0,0,0,1
226,0,1,3,1,1,1,1,0,0,1,0,1,1,0,0,0,1,0,0,0,0
227,1,1,3,1,1,1,1,0,1,1,0,0,1,0,0,0,1,0,0,0,0
228,1,1,3,1,1,1,0,0,1,0,0,0,1,1,0,0,1,0,1,0,0
229,1,1,3,1,1,1,1,0,1,1,1,1,1,0,0,0,1,0,0,0,1
230,1,1,3,1,1,1,1,0,1,1,1,1,1,0,1,0,1,0,0,0,0
231,1,1,3,1,1,1,1,0,1,1,1,1,1,0,0,0,1,1,0,0,0
232,1,1,3,1,1,1,0,0,1,0,0,0,1,0,0,0,1,0,0,0,0
233,1,0,12,1,1,0,1,0,0,0,1,1,1,1,0,0,0,0,1,0,0
234,1,1,3,1,1,1,1,0,1,1,1,1,1,0,1,0,1,0,0,0,0
235,1,1,3,1,1,1,1,0,1,1,1,1,1,0,1,0,1,1,0,0,0
236,0,1,3,1,1,1,0,0,0,0,0,0,1,0,0,0,1,0,0,0,0
237,1,1,3,1,1,1,0,0,1,0,0,0,1,0,0,0,1,0,0,0,0
238,1,1,12,0,0,0,0,0,0,0,0,0,0,0,0,0,0,0,1,0,0
239,1,0,12,1,1,0,1,0,0,0,1,1,1,1,0,0,0,0,1,0,0
240,0,1,3,1,1,1,1,0,1,0,1,1,1,0,1,0,1,0,0,0,0
241,0,1,12,1,1,0,1,0,0,0,1,1,1,1,0,0,0,0,1,0,0
242,1,1,3,1,1,1,0,0,1,0,0,0,1,0,0,0,1,0,0,0,0
243,0,1,3,1,1,1,1,0,1,1,1,1,1,0,1,1,1,1,0,0,0
244,0,1,3,1,1,1,1,0,1,0,1,1,1,0,1,0,1,0,0,0,0
245,1,1,3,1,1,1,1,0,1,0,0,0,1,1,0,0,1,0,1,0,0
246,1,1,3,1,1,1,1,0,1,0,1,1,1,1,0,0,1,0,1,0,0
247,1,1,3,1,1,1,1,0,1,0,1,1,1,0,0,0,1,0,0,0,1
248,1,1,3,1,1,1,1,0,0,0,0,0,1,0,0,1,1,0,0,0,0
249,1,1,3,1,1,1,1,0,1,1,1,1,1,0,0,0,1,1,0,0,1
250,1,1,3,1,1,1,1,0,0,0,0,0,1,1,0,1,1,0,1,0,0
251,1,1,3,0,1,0,0,0,0,1,0,0,1,0,0,0,1,0,0,0,1
252,1,1,3,1,1,1,1,0,1,1,1,0,1,0,0,0,1,0,0,0,0
253,1,1,3,1,1,1,1,0,0,0,0,0,1,0,0,0,1,0,0,0,0
254,1,1,3,1,1,1,0,0,0,0,0,0,1,1,0,0,1,0,1,0,1
255,1,1,3,1,1,1,0,0,1,0,1,1,1,0,0,0,1,0,0,0,1
256,0,0,3,1,1,1,0,0,0,0,0,0,1,0,0,0,0,0,0,0,0
257,1,1,12,1,1,0,0,0,0,0,0,0,1,1,0,0,0,0,1,0,0
258,0,1,6,1,1,0,1,0,0,0,1,1,1,1,0,0,0,0,1,0,0
259,1,1,3,1,1,1,1,0,1,0,0,0,1,0,0,0,1,1,0,0,0
260,0,1,3,1,1,1,0,0,1,0,0,0,1,0,0,0,1,0,0,0,0
261,0,1,3,1,1,1,1,0,1,1,1,1,1,0,0,0,1,0,0,0,0
262,0,1,3,1,1,1,0,0,1,1,0,0,1,0,0,0,1,0,0,0,0
263,1,1,3,1,1,1,0,0,1,1,0,0,1,0,0,0,1,0,0,0,0
264,0,1,12,1,1,0,1,0,0,0,1,1,1,1,0,0,0,0,1,0,1
265,0,1,3,1,1,1,0,0,1,1,0,0,1,0,0,0,1,0,0,0,0
266,0,0,3,1,1,1,1,0,1,0,1,1,1,0,0,0,1,0,0,0,0
267,1,1,3,1,1,1,1,0,1,0,1,1,1,0,0,0,1,0,0,0,1
268,1,1,3,1,1,1,1,0,1,1,1,1,1,0,1,0,1,0,0,0,0
269,1,1,3,1,1,1,1,0,1,0,0,0,1,0,0,0,1,0,0,0,0
270,0,1,3,1,1,1,1,0,1,1,1,1,1,0,1,0,1,0,0,0,1
271,0,1,3,1,1,1,1,0,1,1,0,1,1,0,0,0,1,0,0,0,1
272,1,1,3,1,1,1,1,0,0,0,0,0,1,1,0,0,1,0,1,0,0
273,1,1,3,1,1,1,0,0,1,0,0,0,1,0,0,0,1,0,0,0,0
274,1,1,3,1,1,1,1,0,1,0,0,0,1,0,0,0,1,0,0,0,0
275,1,1,3,1,1,1,1,0,1,0,0,1,1,0,0,0,1,0,0,0,0
276,0,0,6,1,1,0,0,0,0,0,0,0,1,0,0,0,0,0,0,0,1
277,1,1,3,1,1,1,0,0,1,0,0,0,1,1,0,0,1,0,1,0,1
278,1,1,3,1,1,1,1,0,1,1,1,1,1,0,0,0,1,0,0,0,1
279,1,1,3,1,1,1,0,0,0,1,0,0,1,0,0,0,1,1,0,0,0
280,0,0,12,1,1,0,1,0,0,0,0,0,1,1,0,0,0,0,1,0,0
281,1,1,3,1,1,1,1,0,0,1,1,1,1,0,1,0,1,1,0,0,0
282,1,1,3,1,1,1,1,0,1,0,1,1,1,0,0,0,1,0,0,0,0
283,1,1,3,1,1,1,1,0,1,0,1,1,1,0,1,0,1,0,0,0,1
284,0,1,6,1,1,0,1,0,0,1,1,1,1,0,0,0,0,0,0,0,0
285,0,1,3,1,1,1,1,0,1,0,1,1,1,0,0,0,1,0,0,0,1
286,0,1,3,1,1,1,0,0,1,1,0,0,1,0,0,0,1,0,0,0,1
287,1,1,3,1,1,1,1,0,1,1,1,1,1,0,1,0,1,0,0,0,0
288,0,1,3,1,1,1,1,0,0,1,0,0,1,0,0,0,1,0,0,0,1
289,0,1,3,1,1,1,1,0,1,0,0,0,1,0,0,0,1,0,0,0,0
290,1,1,3,1,1,1,0,0,0,1,0,0,1,0,0,0,1,1,0,0,1
291,0,1,3,1,1,1,0,0,1,0,1,0,1,0,0,0,1,0,0,0,1
292,1,1,3,1,1,1,0,0,1,1,1,1,1,0,0,0,1,1,0,0,0
293,1,1,3,1,1,1,1,0,0,1,1,1,1,0,0,0,1,0,0,0,0
294,0,1,3,1,1,1,0,0,0,1,1,0,1,0,0,1,1,1,0,0,0
295,1,1,3,1,1,1,1,0,1,0,1,1,1,0,0,0,1,0,0,0,0
296,1,1,3,1,1,1,1,0,1,1,1,1,1,0,1,0,1,0,0,0,0
297,0,1,3,1,1,1,0,0,1,0,0,0,1,0,0,0,1,0,0,0,0
298,1,1,3,1,1,1,0,0,0,0,0,0,1,0,0,0,1,0,0,0,0
299,1,1,3,1,1,1,1,0,1,1,1,1,1,0,1,0,1,0,0,0,1
300,1,1,3,1,1,1,1,0,1,1,1,1,1,0,0,0,1,0,0,0,0
301,0,1,3,1,1,1,1,0,1,0,1,1,1,0,1,0,1,1,0,0,1
302,1,1,3,1,1,1,1,0,1,1,1,1,1,0,0,0,1,0,0,0,1
303,1,1,3,1,1,1,1,0,1,0,1,1,1,0,1,0,1,0,0,0,0
304,0,1,3,1,1,1,0,0,1,0,1,1,1,0,1,0,1,1,0,0,0
305,1,1,3,1,1,0,1,0,0,1,1,0,1,0,0,0,1,0,0,0,0
306,1,1,3,1,1,1,0,0,1,1,1,0,1,0,0,0,1,0,0,0,1
307,1,1,3,1,1,1,0,0,1,0,0,0,1,0,0,0,1,0,0,0,0
308,0,1,3,1,1,1,0,0,1,0,1,0,1,1,0,0,1,1,1,0,1
309,0,1,12,1,1,0,0,0,0,0,1,1,0,0,0,0,0,0,0,0,1
310,1,1,3,1,1,1,1,0,1,1,1,1,1,0,0,1,1,0,0,0,0
311,1,1,3,1,1,1,1,0,1,0,1,1,1,0,0,0,1,1,0,0,0
312,1,1,3,1,1,1,1,0,1,1,1,1,1,0,1,0,1,0,0,0,0
313,1,1,3,1,1,1,1,0,1,1,1,1,1,0,1,0,1,0,0,0,1
314,0,1,3,1,1,1,0,0,0,0,0,0,1,0,0,0,1,0,0,0,0
315,0,1,3,1,1,1,1,0,1,0,1,1,1,0,0,0,1,0,0,0,0
316,0,1,3,1,1,1,1,0,1,0,1,1,1,0,1,0,1,0,0,0,0
317,0,1,3,1,1,1,1,0,1,0,1,1,1,0,0,0,1,0,0,0,0
318,1,1,3,1,1,1,1,0,1,1,1,1,1,0,1,0,1,0,0,0,1
319,0,1,3,1,1,1,1,0,1,1,0,0,1,1,0,0,1,0,1,0,0
320,1,1,3,1,1,1,0,0,1,0,0,0,1,0,0,0,1,0,0,0,0
321,0,1,3,1,1,0,0,0,0,0,0,0,1,0,0,0,0,0,0,0,0
322,1,1,3,1,1,1,1,0,1,1,1,1,1,0,1,1,1,1,0,0,0
323,0,1,3,1,1,1,1,0,1,1,1,1,1,0,0,0,1,0,0,0,1
324,0,1,12,1,1,0,1,0,0,0,1,1,1,1,0,0,0,0,1,1,0
325,1,1,3,1,1,1,0,0,1,0,0,0,1,1,0,0,1,0,1,0,1
326,0,1,3,1,1,1,1,0,1,0,1,1,1,0,0,0,1,0,0,0,1
327,0,1,3,1,1,1,1,0,1,1,1,0,1,0,0,0,1,0,0,1,1
328,0,1,3,1,1,1,0,0,1,1,0,0,1,0,0,0,1,0,0,0,0
329,0,1,3,1,1,1,1,0,1,0,1,1,1,0,0,0,1,0,0,0,0
330,1,1,3,1,1,1,1,0,1,1,1,1,1,1,0,0,1,0,1,0,1
331,1,1,3,1,1,1,0,0,1,1,0,0,1,0,0,0,1,0,0,0,0
332,0,0,3,1,1,0,1,0,0,0,1,1,1,1,0,0,0,0,1,0,0
333,1,1,3,1,1,1,1,0,1,1,1,1,1,0,1,0,1,0,0,0,0
334,1,1,3,1,1,1,1,0,1,1,0,0,1,0,0,0,1,0,0,0,0
335,1,1,3,1,1,1,0,0,1,1,0,0,1,0,0,0,1,0,0,0,0
336,1,1,3,1,1,1,1,0,1,1,1,1,1,0,0,0,1,0,0,0,0
337,0,1,3,1,1,1,0,0,1,0,0,0,1,0,0,0,1,0,0,0,0
339,0,1,6,1,1,0,1,0,1,0,1,1,1,0,0,0,0,1,0,0,0
340,0,1,3,1,1,1,1,0,1,1,1,1,1,0,1,0,1,0,0,0,0
341,1,1,3,1,1,1,1,0,1,1,1,1,1,0,0,0,1,0,0,0,0
342,1,1,3,1,1,1,0,0,1,0,0,0,1,0,0,0,1,0,0,0,1
343,0,1,3,1,1,0,0,0,0,1,0,0,1,0,0,0,0,0,0,0,1
344,1,1,3,1,1,1,1,0,0,0,0,0,1,1,0,0,1,0,1,0,0
345,1,1,3,1,1,1,1,0,1,1,1,1,1,0,1,1,1,1,0,0,0
346,1,1,3,1,1,1,1,0,1,1,1,1,1,0,0,0,1,0,0,0,1
347,1,1,3,1,1,1,1,0,0,0,1,1,1,0,0,0,1,0,0,0,1
348,1,1,3,1,1,1,1,0,0,1,1,1,1,0,1,0,1,1,0,0,0
349,0,1,3,1,1,1,1,0,1,1,1,1,1,0,0,0,1,1,0,0,1
350,0,1,3,1,1,1,1,0,0,0,1,1,1,0,0,0,1,0,0,0,1
351,1,1,3,1,1,1,0,0,1,1,0,0,1,0,0,0,1,0,0,0,1
352,0,0,12,1,1,0,1,0,0,0,1,1,1,1,0,0,0,0,1,0,0
353,1,1,3,1,1,1,0,0,0,0,0,0,1,0,0,0,1,1,0,0,0
354,1,1,3,1,1,1,0,0,1,0,0,0,1,0,0,0,1,0,0,0,0
355,0,1,3,1,1,1,1,0,1,1,1,1,1,0,0,0,1,0,0,0,0
356,1,1,3,1,1,1,1,0,1,0,1,1,1,0,0,0,1,0,0,0,0
357,1,1,3,1,1,1,1,0,1,0,1,1,1,1,1,0,1,0,1,0,0
358,1,1,3,1,1,1,1,0,0,0,1,1,1,0,1,0,1,0,0,0,1
359,1,1,3,1,1,1,0,0,0,1,0,0,1,0,0,0,1,0,0,0,0
360,1,1,3,1,1,1,1,0,1,1,1,1,1,0,1,1,1,1,0,0,0
361,1,1,3,1,1,1,1,0,1,0,1,1,1,1,1,0,1,0,1,0,0
362,0,1,12,0,1,0,1,0,0,0,1,0,1,0,0,0,0,0,0,0,0
363,1,1,3,1,1,1,0,0,1,0,0,0,1,1,0,0,1,0,1,0,1
364,1,1,3,0,1,1,0,0,0,0,0,0,1,0,0,0,1,0,0,0,0
365,0,1,3,1,1,1,0,0,1,1,0,0,1,0,0,0,1,0,0,0,0
366,0,1,3,1,1,1,1,0,1,0,1,1,1,0,0,0,1,0,0,0,0
367,1,1,3,1,1,1,1,0,1,1,1,1,1,0,0,0,1,0,0,0,0
368,1,1,3,1,1,1,0,0,1,0,1,0,1,1,1,1,1,1,1,0,0
369,0,1,3,1,1,1,0,0,1,0,0,0,1,0,0,0,1,0,0,0,0
370,1,1,3,1,1,1,0,0,1,0,0,0,1,0,0,0,1,0,0,0,0
371,1,0,12,1,1,0,0,0,0,0,1,0,1,0,0,0,0,0,0,0,1
372,1,1,3,1,1,1,1,0,1,1,1,1,1,0,1,0,1,0,0,0,1
373,0,0,3,1,1,1,1,0,1,0,0,0,1,0,0,0,1,0,0,0,0
374,1,1,3,1,1,1,1,0,1,0,1,1,1,0,0,0,1,0,0,0,1
375,1,1,3,1,1,1,0,0,1,0,0,0,1,0,0,0,1,0,0,0,0
376,0,1,3,1,1,0,1,0,0,1,1,1,1,0,0,0,0,0,0,0,0
377,0,1,3,1,1,1,1,0,1,1,1,1,1,0,1,0,1,0,0,0,0
378,0,1,3,1,1,1,1,0,1,1,1,1,1,0,0,0,1,0,0,0,0
379,0,0,12,1,1,0,0,0,0,0,0,0,1,0,0,0,0,0,0,0,0
380,0,0,6,1,1,0,0,0,0,0,0,0,1,1,0,0,0,0,1,0,0
381,0,1,3,1,1,1,1,0,1,0,1,1,1,0,1,0,1,0,0,0,0
382,0,1,3,1,1,1,1,0,0,0,1,1,1,1,0,0,1,0,1,0,0
383,0,1,3,1,1,1,1,0,1,0,0,0,1,0,0,0,1,0,0,0,0
384,0,1,3,1,1,1,0,0,0,0,0,0,1,1,0,0,0,0,1,0,1
385,0,0,6,1,1,0,1,0,0,0,1,0,1,0,0,0,0,0,0,0,0
386,0,0,6,0,0,0,1,0,0,0,0,1,1,0,0,0,0,1,0,0,0
387,0,1,3,1,1,1,0,0,0,0,0,0,1,0,0,1,1,0,0,0,1
388,0,1,3,1,1,1,1,0,1,1,1,1,1,0,1,0,1,0,0,0,1
389,0,1,3,0,0,0,0,0,0,0,0,0,0,0,0,0,0,0,0,0,0
390,0,1,3,1,1,1,1,0,1,1,0,0,1,0,0,0,1,0,0,0,1
391,0,1,3,1,1,0,1,0,0,1,1,1,1,0,0,0,0,0,0,0,0
392,0,1,3,1,1,1,1,0,1,1,0,0,1,0,0,0,1,1,0,0,0
393,0,0,3,1,1,1,1,0,0,0,1,0,1,0,0,1,1,0,0,0,0
394,0,1,3,1,1,1,0,0,1,1,0,0,1,0,0,0,1,0,0,0,1
395,0,1,3,1,1,1,0,0,1,0,1,1,1,0,0,0,1,0,0,0,0
396,0,0,3,1,1,0,0,0,0,0,1,0,1,0,0,0,0,0,0,0,0
397,0,1,3,1,1,1,0,0,1,0,1,1,1,0,1,0,1,1,0,0,0
398,0,1,3,1,1,1,1,0,1,1,1,1,1,1,1,0,1,1,1,0,0
399,0,1,3,1,1,0,1,0,0,1,1,1,1,0,1,0,0,1,0,0,0
400,0,1,3,1,1,1,0,0,1,1,0,0,1,0,0,0,1,1,0,0,0
401,1,1,3,1,1,1,1,0,1,0,1,0,1,0,1,0,1,0,0,0,0
402,1,1,3,1,1,1,1,0,0,0,1,1,1,1,1,0,1,0,1,0,1
403,1,1,3,1,1,1,0,0,1,1,0,0,1,0,0,0,1,0,0,0,1
404,0,1,3,1,1,1,1,0,1,1,1,0,1,0,0,0,1,0,0,0,0
405,0,0,3,1,1,0,0,0,0,0,1,0,1,0,0,0,0,0,0,0,0
406,1,1,3,1,1,1,0,0,1,0,0,0,1,0,0,0,1,0,0,0,0
407,1,1,3,1,1,1,1,0,1,1,0,0,1,0,0,0,1,0,0,0,0
408,1,1,3,1,1,1,1,0,0,0,1,1,1,0,1,0,1,1,0,0,0
409,0,1,3,1,1,1,0,0,1,0,0,0,1,0,0,0,1,0,0,0,1
410,1,1,3,1,1,1,1,0,0,0,1,1,1,0,1,0,1,0,0,0,1
411,1,1,3,1,1,1,1,0,1,0,1,1,1,0,0,0,1,0,0,0,0
412,1,1,3,1,1,1,1,0,0,0,1,1,1,0,1,0,1,0,0,0,0
413,0,1,3,1,1,0,0,0,0,0,0,0,1,0,0,0,0,0,0,0,0
414,1,1,3,1,1,1,1,0,1,1,1,1,1,0,1,0,1,1,0,0,0
415,0,1,3,1,1,1,1,0,1,0,0,0,1,0,0,0,1,0,0,0,0
416,1,1,3,1,1,1,0,0,1,0,0,0,1,0,0,0,1,0,0,0,0
417,0,1,6,1,0,0,1,0,0,0,1,1,1,1,0,0,0,0,1,0,1
418,0,1,3,1,1,1,1,0,1,0,1,1,1,0,1,0,1,0,0,0,0
419,0,1,3,1,1,1,0,0,0,0,0,0,1,0,0,1,1,0,0,0,0
420,1,1,3,1,1,1,1,0,1,0,1,1,1,0,1,0,1,0,0,0,0
421,0,1,3,1,1,1,0,0,0,0,0,0,1,0,0,1,1,0,0,0,0
422,0,1,3,1,1,1,0,0,0,0,1,1,1,0,0,1,1,0,0,0,1
423,1,1,3,1,1,1,1,0,1,0,1,1,1,0,1,0,1,1,0,0,1
424,0,1,3,1,1,1,0,0,0,1,0,0,1,0,0,0,1,1,0,0,0
425,1,1,3,1,1,1,0,0,1,0,0,0,1,1,0,0,1,0,1,0,1
426,0,1,12,1,1,0,1,0,0,0,0,0,1,1,0,0,0,0,1,0,0
427,0,0,3,1,1,1,0,0,1,0,0,0,1,0,0,0,1,0,0,0,0
428,1,1,3,1,1,1,0,0,1,0,1,1,1,0,0,0,1,0,0,0,0
429,1,1,3,1,1,1,1,0,0,0,1,1,1,0,1,0,1,0,0,0,0
430,0,1,6,1,1,0,1,0,0,0,1,1,1,1,0,0,0,0,1,0,1
431,0,1,3,1,1,1,0,0,1,1,0,0,1,0,0,0,1,0,0,0,1
432,1,1,3,1,1,1,1,0,1,1,0,0,1,0,0,0,1,0,0,0,1
433,1,1,3,1,1,1,1,0,0,1,0,0,1,0,0,0,1,0,0,0,0
434,1,1,3,1,1,1,1,0,1,1,1,1,1,0,1,0,1,1,0,0,0
435,0,1,6,1,1,0,1,0,0,1,1,1,1,0,1,0,0,0,0,0,0
436,1,1,3,1,1,1,0,0,1,0,0,0,1,1,0,0,1,0,1,0,1
437,0,1,6,1,1,0,1,0,0,0,1,1,1,1,0,0,0,0,1,0,0
438,1,1,3,1,1,1,0,0,1,0,0,0,1,0,0,0,1,0,0,0,0
439,1,1,3,1,1,1,0,0,0,0,0,0,1,1,0,0,1,0,1,0,1
440,0,1,3,1,1,1,0,0,1,0,1,1,1,1,0,0,1,0,1,0,0
441,0,1,3,1,1,1,0,0,0,0,0,0,1,0,0,0,1,0,0,0,1
442,1,1,3,1,1,1,0,0,0,1,1,0,1,0,0,0,1,0,0,0,0
443,1,1,3,1,1,1,1,0,0,1,1,1,1,0,0,0,1,0,0,0,0
444,1,1,3,1,1,1,1,0,1,0,0,0,1,0,0,0,1,0,0,0,0
445,1,1,3,1,1,1,1,0,1,1,0,1,1,0,0,0,1,0,0,0,0
446,1,1,3,1,1,1,1,0,1,0,1,1,1,0,1,0,1,0,0,0,0
447,0,0,6,1,1,0,1,0,0,0,1,1,1,1,0,0,0,1,1,0,0
448,1,1,3,1,1,1,0,0,0,0,0,1,1,0,0,0,1,0,0,0,0
449,1,1,3,1,1,1,1,0,1,1,1,1,1,0,1,0,1,0,0,0,0
450,1,1,3,1,1,1,0,0,0,0,0,0,1,1,0,0,1,0,1,0,0
451,0,1,3,1,1,1,0,0,1,0,0,0,1,0,0,0,1,0,0,0,0
452,1,1,3,1,1,1,0,0,0,1,0,0,1,0,0,0,1,0,0,0,1
453,0,0,6,1,1,1,0,0,0,0,1,1,1,0,1,0,0,0,0,0,0
454,1,1,3,1,1,1,0,0,1,0,1,1,1,0,0,0,1,0,0,0,0
455,1,1,3,1,1,1,1,0,1,1,1,1,1,0,1,0,1,0,0,0,0
456,0,1,3,1,1,1,1,0,1,0,1,1,1,0,1,0,1,1,0,0,0
457,1,1,3,1,1,1,0,0,0,0,1,1,1,0,0,0,1,0,0,0,0
458,0,0,3,1,1,1,1,0,1,0,1,1,1,0,0,0,1,0,0,0,0
459,0,1,3,1,1,1,1,0,1,1,0,0,1,0,0,0,1,0,0,0,1
460,0,1,3,1,1,1,1,0,1,0,1,1,1,0,1,0,1,0,0,0,0
461,0,1,6,1,1,0,0,0,0,0,1,1,1,1,0,0,0,0,1,0,0
462,0,1,3,1,1,1,1,0,1,0,0,0,1,1,0,0,1,0,1,0,0
463,0,1,3,1,1,1,0,0,1,0,0,0,1,1,0,0,1,0,1,0,1
464,0,1,3,1,1,1,1,0,0,0,1,1,1,0,1,1,1,0,0,0,0
465,1,1,3,1,1,1,1,0,1,0,1,1,1,0,1,0,1,0,0,0,0
466,0,1,3,0,1,1,1,0,0,0,0,0,1,0,0,0,1,0,0,0,0
467,0,1,3,1,1,1,0,0,1,1,0,1,1,0,0,0,1,0,0,0,0
468,1,1,3,1,1,1,0,0,0,1,0,0,1,0,0,0,1,1,0,0,0
469,1,1,3,1,1,1,0,0,1,1,1,1,1,0,0,0,1,0,0,0,0
470,1,1,3,1,1,1,1,0,0,0,1,1,1,0,1,0,1,0,0,0,1
471,1,1,3,1,1,1,1,0,1,1,1,1,1,0,1,0,1,0,0,0,1
472,0,1,3,1,1,1,1,0,1,0,1,1,1,0,1,0,1,1,0,0,0
473,0,1,3,1,1,1,1,0,0,1,0,0,1,0,0,0,1,0,0,0,0
474,1,1,3,1,1,1,0,0,0,1,0,0,1,0,0,0,1,0,0,0,0
475,1,1,3,1,1,1,1,0,1,0,0,0,1,1,0,0,1,0,1,0,0
476,0,0,6,0,0,0,1,0,0,0,0,0,0,0,0,0,0,0,0,0,0
477,0,1,3,1,1,1,0,0,1,0,0,0,1,0,0,0,1,0,0,0,0
478,0,1,3,1,1,1,0,0,0,0,0,0,1,1,0,0,1,0,1,0,0
479,0,1,3,1,1,1,1,0,1,0,1,1,1,1,0,0,1,0,1,0,0
480,0,1,3,1,1,1,1,0,1,1,0,1,1,0,1,0,1,0,0,0,0
481,1,1,3,1,1,1,1,0,0,0,1,1,1,0,0,0,1,0,0,0,1
482,1,1,3,1,1,1,1,0,0,1,1,1,1,0,0,0,1,0,0,0,0
483,0,1,6,1,1,0,1,0,0,0,1,1,1,1,0,0,0,0,1,0,1
484,0,1,3,1,1,0,1,0,1,0,1,1,1,0,0,0,0,0,0,0,0
485,0,1,3,1,1,1,1,0,0,0,1,1,1,0,1,0,1,0,0,0,1
486,0,1,3,1,1,1,1,0,0,0,0,0,1,0,0,1,1,0,0,0,1
487,0,1,3,1,1,1,0,0,0,1,0,0,1,1,0,0,1,0,1,0,0
488,0,1,3,1,1,1,1,0,1,0,0,0,1,0,0,0,1,0,0,0,0
489,0,0,12,1,1,0,0,0,0,0,0,0,1,1,0,0,0,0,1,0,0
490,0,1,6,1,1,0,0,0,0,0,0,0,1,1,0,0,0,0,1,0,1
491,1,1,3,0,1,0,0,0,0,0,1,1,1,0,0,0,1,0,0,0,0
492,0,0,12,1,1,1,1,0,1,1,1,1,1,0,1,0,0,0,0,0,0
493,1,1,3,1,1,1,0,0,1,0,1,1,1,0,0,0,1,0,0,0,0
494,0,1,3,1,1,1,0,0,1,0,0,0,1,1,0,0,1,0,1,0,1
495,0,1,6,0,1,0,1,0,0,0,1,1,1,1,0,0,0,0,1,0,0
496,0,1,12,1,1,0,0,0,0,0,1,1,1,1,0,0,0,0,1,0,1
497,1,1,3,1,1,1,1,0,1,1,1,1,1,0,1,0,1,0,0,0,0
498,0,1,3,1,1,1,1,0,1,0,1,1,1,0,1,0,1,0,0,0,0
499,0,1,3,1,1,1,1,0,0,0,1,1,1,0,1,0,1,1,0,0,0
500,1,1,3,0,1,0,1,0,0,0,1,1,1,0,1,1,1,1,0,0,0
501,1,1,3,1,1,1,1,0,1,0,1,1,1,0,1,0,1,0,0,0,0
502,0,1,3,1,1,1,0,0,1,1,0,0,1,0,0,0,1,0,0,0,0
503,0,1,3,1,1,1,1,0,1,0,1,1,1,0,1,0,1,0,0,0,0
504,0,0,3,1,1,0,1,1,0,0,1,1,1,0,0,0,0,0,0,0,0
505,0,1,3,1,1,1,1,0,0,0,0,0,1,0,0,0,1,0,0,0,1
506,0,1,3,1,1,1,1,0,1,0,1,1,1,0,1,0,1,0,0,0,0
507,0,1,3,1,1,1,0,0,1,1,1,1,1,0,0,0,1,0,0,0,0
508,1,1,3,1,1,1,0,0,0,0,0,0,1,0,0,0,1,0,0,0,1
509,1,1,12,1,1,0,1,0,0,0,1,1,1,1,1,0,0,0,0,0,1
510,1,1,3,1,1,1,0,0,0,0,0,0,1,0,0,0,1,0,0,0,0
511,0,1,3,1,1,1,0,0,1,0,0,0,1,0,0,0,1,0,0,0,0
512,1,1,3,1,1,1,0,0,1,1,1,1,1,0,0,0,1,0,0,0,0
513,1,1,3,1,1,1,0,0,0,1,1,1,1,0,0,0,1,0,0,0,0
514,0,0,12,1,1,0,1,0,0,0,1,1,1,0,0,0,0,0,0,0,0
515,1,1,3,1,1,1,1,0,1,1,0,1,1,0,0,0,1,0,0,0,0
516,0,1,3,1,1,1,0,0,1,1,0,0,1,0,0,0,1,0,0,0,0
517,1,1,3,1,1,1,0,0,1,1,0,0,1,0,0,0,1,0,0,0,0
518,0,1,12,1,1,0,0,0,0,0,0,0,1,1,0,0,0,1,1,0,0
519,1,1,3,1,1,1,1,0,0,0,0,0,1,0,0,0,1,0,0,0,1
520,0,0,3,1,1,1,0,0,1,0,0,0,1,0,0,0,1,0,0,0,0
521,1,1,3,1,1,1,0,0,0,0,0,0,1,0,0,0,1,0,0,0,0
522,1,1,3,1,1,1,1,0,1,0,1,1,1,0,1,0,1,0,0,0,0
523,0,1,3,1,1,1,0,0,1,0,0,0,1,0,0,0,1,0,0,0,1
524,1,1,12,1,1,0,1,0,0,0,1,1,1,1,0,0,0,0,1,0,0
525,0,1,3,1,1,1,1,0,1,0,1,1,1,1,0,0,1,0,1,0,1
526,0,1,3,1,1,0,1,1,0,0,0,0,1,1,1,0,0,0,1,0,0
527,1,1,3,1,1,1,1,0,1,0,1,1,1,1,1,0,1,1,1,0,0
528,1,1,3,1,1,1,1,0,0,0,1,1,1,1,0,0,1,0,1,0,1
529,1,1,3,1,1,1,1,0,1,0,1,1,1,0,1,0,1,0,0,0,0
530,0,1,3,1,1,1,0,0,0,1,0,0,1,0,0,0,1,0,0,0,0
531,1,1,3,1,1,1,0,0,1,0,1,1,1,0,1,0,1,1,0,0,0
532,0,1,3,1,1,1,1,0,0,1,1,1,1,0,1,0,1,0,0,0,1
533,1,1,3,1,1,1,0,0,1,1,0,0,1,0,0,0,1,0,0,0,0
534,0,1,3,1,1,1,0,0,0,0,0,0,1,1,0,0,1,0,1,0,0
535,1,1,3,1,1,1,1,0,1,1,1,1,1,0,1,0,1,1,0,0,0
536,1,1,3,1,1,1,0,0,0,0,0,0,1,1,0,0,1,0,1,0,0
537,0,1,3,1,1,1,1,0,1,1,1,1,1,0,1,1,1,1,0,0,1
538,1,1,3,1,1,1,1,0,1,1,1,1,1,0,1,0,1,0,0,0,0
539,1,1,3,1,1,1,0,0,0,0,0,0,1,0,0,0,1,0,0,0,0
540,0,1,3,1,1,1,0,0,1,1,0,0,1,0,0,0,1,0,0,0,0
541,1,1,12,1,1,0,0,0,0,0,0,0,1,0,0,0,1,0,0,0,0
542,1,1,3,1,1,1,1,0,1,1,1,1,1,0,0,0,1,0,0,0,1
543,0,1,12,1,1,0,0,0,0,0,0,0,1,1,0,0,0,0,1,0,0
544,1,1,3,1,1,1,1,0,1,1,1,1,1,0,1,0,1,1,0,0,0
545,1,1,3,1,1,1,1,0,1,0,0,0,1,1,0,0,1,0,1,0,0
546,1,1,3,1,1,1,0,0,1,1,0,0,1,1,0,0,1,0,1,0,0
547,1,1,3,1,1,1,0,0,1,0,1,1,1,1,0,0,1,0,1,0,1
548,1,1,3,1,1,1,0,0,1,0,0,0,1,0,0,0,1,0,0,0,0
549,1,1,3,1,1,1,1,0,0,1,1,1,1,0,1,0,1,1,0,0,0
550,0,1,3,1,1,1,0,0,0,0,0,0,1,1,0,0,1,0,1,0,1
551,1,1,3,1,1,1,1,0,0,0,1,1,1,1,1,0,1,1,1,0,0
552,1,1,3,1,1,1,1,0,1,0,1,1,1,0,1,0,1,0,0,0,0
554,1,0,12,1,0,0,0,0,0,0,1,1,1,1,0,0,0,1,1,0,0
555,1,1,3,1,1,1,0,0,1,0,1,1,1,0,0,0,1,0,0,0,1
556,0,1,12,1,1,0,1,0,0,0,1,1,1,1,0,0,0,0,1,0,1
557,1,1,3,1,1,1,0,0,1,0,1,1,1,1,0,0,1,0,1,0,1
558,1,1,3,1,1,1,1,0,1,0,1,1,1,0,1,0,1,0,0,0,0
559,1,1,3,1,1,1,0,0,1,0,1,1,1,0,0,0,1,0,0,0,1
560,0,1,3,1,1,1,1,0,0,0,1,1,1,0,1,1,1,1,0,0,0
561,0,1,3,1,1,1,1,0,0,0,1,1,1,0,1,0,1,0,0,0,0
562,0,0,3,1,1,1,1,0,0,0,1,1,1,0,1,0,1,0,0,0,0
563,0,1,3,1,1,1,1,0,1,1,1,1,1,0,1,0,1,0,0,0,0
564,0,1,3,0,1,1,1,0,0,1,1,1,1,0,1,0,1,0,0,0,0
565,0,1,3,1,1,1,0,0,1,1,0,0,1,0,0,0,1,0,0,0,0
566,0,1,3,1,1,1,0,0,1,1,0,0,1,0,0,0,1,0,0,0,0
567,0,1,3,1,1,1,0,0,1,0,1,1,1,0,1,0,1,1,0,0,0
568,0,1,3,1,1,1,0,0,1,0,0,0,1,0,0,0,1,0,0,0,0
569,1,1,3,1,1,1,0,0,1,1,0,0,1,0,0,0,1,0,0,0,1
570,1,1,3,1,1,1,1,0,1,0,1,1,1,0,0,0,1,0,0,0,0
571,1,1,3,1,1,1,1,0,1,0,1,1,1,0,1,0,1,0,0,0,0
572,0,1,3,1,1,1,0,0,1,0,1,1,1,1,0,0,1,0,1,0,1
573,1,1,3,1,1,1,1,0,1,0,1,1,1,0,1,0,1,0,0,0,0
574,1,1,3,1,1,1,0,0,0,0,0,0,1,0,0,0,1,0,0,0,0
575,1,1,3,1,1,1,0,0,1,0,0,0,1,0,0,0,1,0,0,0,0
576,1,1,3,1,1,1,0,0,0,0,0,0,1,0,0,0,1,0,0,0,0
577,0,1,3,1,1,1,1,0,0,0,1,1,1,0,1,0,1,0,0,0,0
578,1,1,3,1,1,1,0,0,1,1,0,0,1,0,0,0,1,0,0,0,0
579,1,1,3,1,1,1,0,0,0,1,0,0,1,0,0,0,1,0,0,0,0
580,1,1,3,1,1,1,1,0,1,0,0,1,1,0,0,0,1,0,0,0,0
581,1,1,12,0,1,0,1,0,0,1,1,0,1,1,1,0,0,0,0,0,0
582,0,1,3,1,1,1,1,0,0,0,1,1,1,0,0,1,1,0,0,0,0
583,1,1,3,1,1,1,1,0,1,0,1,1,1,0,1,0,1,0,0,0,0
584,0,1,3,1,1,1,1,0,1,0,1,1,1,0,1,0,1,0,0,0,0
585,0,1,3,1,1,1,1,0,1,1,1,0,1,0,0,0,1,0,0,0,1
586,0,0,6,1,0,0,0,0,0,0,0,0,1,0,0,0,0,0,0,0,0
587,1,1,3,1,1,1,0,0,1,0,0,0,1,1,0,0,1,0,1,0,0
588,1,1,3,1,1,1,0,0,0,0,0,0,1,0,0,0,1,0,0,0,1
589,1,1,3,1,1,1,1,0,1,1,1,1,1,0,1,0,1,1,0,0,1
590,0,1,3,1,1,1,1,0,0,0,1,1,1,0,1,1,1,0,0,0,1
591,1,1,3,1,1,1,1,0,1,0,1,1,1,0,1,0,1,1,0,0,0
592,0,1,3,1,1,0,1,1,0,0,0,0,1,0,0,0,0,0,0,0,0
593,1,1,3,1,1,1,0,0,1,0,0,0,1,0,0,0,1,0,0,0,0
594,0,0,12,1,1,1,0,0,1,1,1,1,1,0,0,0,0,0,0,0,0
595,0,1,3,1,1,1,0,0,1,0,0,0,1,1,0,0,1,0,1,0,1
596,0,1,3,1,1,1,0,0,1,0,0,1,1,0,0,0,1,0,0,0,1
597,0,1,3,1,1,0,0,0,0,0,1,1,1,1,0,0,0,0,1,0,1
598,0,1,3,1,1,1,1,0,1,0,0,0,1,0,0,0,1,0,0,0,0
599,0,1,3,1,1,1,0,0,0,0,0,0,1,0,0,0,1,0,0,0,0
600,0,1,3,0,0,0,0,0,0,0,0,0,0,0,0,0,0,0,0,0,0
601,0,1,3,1,1,1,0,0,0,1,0,0,1,0,0,0,1,0,0,0,0
602,1,1,3,1,1,1,0,0,1,0,0,0,1,0,0,0,1,0,0,0,0
603,0,1,3,1,1,1,1,0,1,0,1,1,1,0,1,0,1,0,0,0,0
604,0,1,3,1,1,1,1,0,1,0,0,0,1,0,0,0,1,0,0,1,1
605,0,0,3,1,1,0,1,0,0,0,1,1,1,1,0,0,0,1,1,0,1
606,0,0,3,1,1,0,0,0,1,0,0,0,0,0,0,0,0,1,0,0,1
607,0,1,3,1,1,1,0,0,0,0,0,0,1,0,0,0,1,0,0,0,0
608,0,1,3,1,1,1,0,0,0,0,1,1,1,0,0,1,1,0,0,0,0
609,0,1,3,1,1,1,0,0,0,0,0,0,1,0,0,0,0,0,0,0,0
610,0,1,3,1,1,1,1,0,0,0,0,0,1,0,0,1,1,0,0,0,0
611,0,1,3,1,1,1,1,0,0,0,1,1,1,1,1,0,1,1,1,0,0
612,0,1,3,1,1,1,1,0,0,0,0,0,1,0,0,0,1,0,0,0,0
613,0,1,3,1,1,1,1,0,0,0,1,0,1,0,0,0,0,1,0,0,1
614,0,1,3,1,1,1,0,0,0,0,1,1,1,1,0,1,1,1,1,0,1
615,0,1,6,1,1,0,0,0,0,0,1,1,1,0,0,0,0,1,0,0,1
616,0,1,3,1,1,1,1,0,0,1,1,1,1,0,1,0,1,0,0,0,0
617,0,1,3,1,1,1,1,0,0,0,0,0,1,1,0,0,1,0,1,0,0
618,0,1,3,1,1,1,1,0,0,0,1,1,1,0,1,1,1,1,0,0,0
619,0,0,3,1,1,1,0,0,0,0,1,1,1,0,1,0,0,0,0,0,0
620,0,1,3,1,1,1,1,0,0,0,0,0,1,0,0,0,1,0,0,0,0
621,0,0,3,1,1,0,0,0,0,0,0,0,1,0,0,0,0,0,0,0,0
622,0,1,3,0,0,0,1,0,0,0,1,1,1,1,0,0,0,1,1,0,0
623,0,1,3,1,1,1,0,0,0,0,0,0,1,0,0,1,1,0,0,0,1
624,0,1,3,1,1,1,1,0,0,0,1,0,1,0,0,1,1,0,0,0,1
625,0,1,3,1,1,1,0,0,0,0,0,0,1,0,0,0,1,0,0,0,0
626,0,1,3,1,1,1,0,0,0,1,1,0,1,0,0,1,1,0,0,0,1
627,0,1,3,1,1,1,1,0,0,0,1,1,1,0,1,1,1,1,0,0,0
628,0,1,3,1,1,1,1,0,0,1,1,1,1,0,1,0,1,1,0,0,0
629,0,1,3,0,1,0,1,0,0,0,1,1,1,0,1,0,1,0,0,0,1
630,0,1,3,1,1,1,0,0,0,0,1,1,1,0,0,1,1,0,0,0,0
631,1,1,3,1,1,1,1,0,0,0,0,0,1,0,0,1,1,0,0,0,0
632,0,1,3,1,1,1,0,0,0,0,0,0,1,0,0,1,1,0,0,0,0
633,0,1,3,1,1,0,1,0,0,0,1,1,1,1,0,0,1,0,1,0,0
634,0,1,3,0,1,0,0,0,0,0,0,0,1,1,0,0,0,0,1,0,0
635,1,1,3,1,1,1,0,0,0,0,0,0,1,1,0,1,1,0,1,0,1
636,0,1,3,1,1,1,1,0,0,0,0,0,1,0,0,0,1,0,0,0,1
637,1,1,3,1,1,1,0,0,0,0,0,0,1,0,0,1,1,0,0,0,0
638,0,0,3,1,1,1,0,0,0,0,1,0,1,0,0,0,0,0,0,0,0
639,0,1,3,1,1,1,0,0,0,1,0,0,1,0,0,1,1,0,0,0,0
640,1,1,3,1,1,1,0,0,0,0,0,0,1,0,0,1,1,0,0,0,0
641,0,1,3,1,1,1,0,0,0,0,0,0,1,0,0,1,1,0,0,0,0
642,0,1,3,1,1,1,1,0,0,0,1,1,1,0,1,0,1,0,0,0,0
643,0,1,3,1,1,1,0,0,0,0,0,0,1,0,0,0,0,0,0,0,0
644,0,1,3,1,1,1,1,0,0,0,1,1,1,0,1,0,1,0,0,0,0
645,1,0,12,1,1,0,0,0,0,0,1,1,1,0,0,0,0,0,0,0,1
646,1,1,3,1,1,1,0,0,0,0,1,1,1,1,0,0,0,0,1,0,0
647,1,1,3,1,1,1,1,0,0,0,1,1,1,0,1,1,1,1,0,0,0
648,0,1,3,1,1,1,1,0,0,0,0,0,1,0,0,1,1,0,0,0,1
649,1,1,3,1,1,1,1,0,0,0,1,0,1,1,0,0,0,0,1,0,0
650,0,1,3,1,1,1,0,0,0,0,0,0,1,0,0,1,1,0,0,0,0
651,0,1,3,1,1,1,0,0,0,0,0,0,1,0,0,1,1,0,0,0,0
652,0,0,3,1,1,1,0,0,0,0,1,1,1,0,1,1,1,0,0,0,0
653,0,1,3,1,1,1,0,0,0,0,0,0,1,0,0,0,1,0,0,0,0
654,1,1,3,1,1,1,0,0,0,0,0,0,1,0,0,0,0,0,0,0,0
655,0,1,3,1,1,1,1,0,0,1,1,1,1,0,1,0,1,0,0,0,1
656,0,1,6,1,1,0,1,0,0,0,1,1,1,0,1,0,0,1,0,0,1
657,1,1,3,1,1,1,1,0,0,0,1,1,1,0,1,0,1,1,0,0,0
658,0,1,3,1,0,0,0,0,0,0,0,0,1,0,0,0,0,0,0,0,0
659,1,1,12,1,1,0,0,0,0,0,0,0,1,1,0,0,0,0,1,0,1
660,1,1,3,1,1,1,1,0,0,0,1,1,1,0,1,0,1,0,0,0,1
661,0,1,3,1,1,1,1,0,0,0,1,1,1,0,1,0,1,1,0,0,0
662,1,1,3,1,1,1,0,0,0,0,1,1,1,0,0,1,1,0,0,0,0
663,1,1,3,1,1,1,1,0,0,0,1,1,1,0,1,1,1,1,0,0,0
664,0,1,3,1,1,0,0,0,0,0,0,0,1,0,0,0,0,0,0,0,0
665,1,1,3,1,1,1,1,0,0,0,1,1,1,0,1,1,1,1,0,0,0
666,0,1,3,1,1,1,0,0,0,0,0,0,1,0,0,1,1,0,0,0,0
667,0,1,3,0,1,0,0,0,0,0,0,0,1,0,0,0,0,0,0,0,0
668,1,1,3,1,1,1,1,0,0,1,1,1,1,0,1,0,1,1,0,0,0
669,1,1,3,1,1,1,0,0,0,0,0,0,1,0,0,1,1,0,0,0,0
670,0,1,3,1,1,1,1,0,0,0,1,1,1,0,1,0,1,0,0,0,0
671,1,1,3,1,1,1,0,0,0,0,1,1,1,0,0,0,1,0,0,0,1
672,0,1,12,1,1,0,1,1,0,0,1,1,1,0,1,0,0,1,0,0,0
673,1,1,3,1,1,1,1,0,0,1,1,1,1,0,1,0,1,1,0,0,0
674,0,0,3,1,1,1,0,0,0,0,1,1,1,1,0,0,0,1,1,0,0
675,0,0,3,1,1,1,1,0,0,0,1,1,1,0,1,1,1,0,0,0,0
676,0,1,3,1,1,1,0,0,0,0,0,0,1,0,0,1,1,0,0,0,0
677,1,1,3,1,1,1,1,0,0,0,1,1,1,0,1,0,1,0,0,0,0
678,0,0,6,0,1,0,0,0,0,0,0,0,1,0,0,0,0,0,0,0,1
679,1,1,3,1,1,1,1,0,0,0,1,1,1,0,1,1,1,0,0,0,0
680,0,1,3,1,1,1,1,0,0,0,1,1,1,0,1,0,1,1,0,0,1
681,0,1,3,1,1,1,1,0,0,0,1,1,1,0,1,0,1,0,0,0,0
682,1,1,3,1,1,1,1,0,0,0,1,1,1,0,1,0,1,0,0,0,1
683,1,1,3,0,1,0,0,0,0,0,0,0,1,0,0,0,1,1,0,0,0
684,0,1,3,1,1,1,1,0,0,0,1,1,1,0,0,1,1,0,0,0,0
685,1,1,3,1,1,1,1,0,0,0,1,1,1,0,1,0,1,0,0,0,0
686,0,1,3,1,1,1,0,0,0,0,0,0,1,0,0,1,1,0,0,0,0
687,0,1,3,1,1,1,1,0,0,0,1,1,1,0,1,1,1,1,0,0,0
688,1,1,3,1,1,1,1,0,0,0,1,1,1,0,1,0,1,1,0,0,0
689,0,1,3,1,1,1,0,0,0,0,1,1,1,0,0,1,1,0,0,0,1
690,0,1,3,1,1,1,1,0,0,0,1,1,1,0,1,0,1,1,0,0,1
691,0,1,3,1,1,1,0,0,0,0,0,0,1,0,0,1,1,0,0,0,0
692,0,1,3,1,1,1,1,0,0,0,1,1,1,1,1,0,1,0,1,0,0
693,0,0,3,1,1,1,1,0,0,0,1,1,1,0,1,0,1,1,0,0,0
694,0,1,12,0,1,0,0,0,0,0,1,1,1,1,0,0,0,0,1,0,0
695,1,1,3,1,1,1,1,0,1,0,1,1,1,0,1,1,1,1,0,0,1
696,0,1,3,1,1,1,1,0,0,0,1,1,1,1,1,0,1,1,1,0,1
697,1,1,3,1,1,1,0,0,0,0,0,0,1,0,0,1,1,0,0,0,0
698,0,1,3,1,1,1,0,0,0,0,1,1,1,0,0,0,0,0,0,0,0
699,0,1,3,1,1,1,0,0,0,0,1,0,1,0,0,1,1,0,0,0,0
700,0,1,3,1,1,1,0,0,0,0,0,0,1,0,0,0,0,0,0,0,0
701,0,1,6,1,1,0,1,0,0,0,0,0,1,1,0,0,0,0,1,0,0
702,0,1,6,0,1,0,1,0,0,0,1,1,1,0,0,0,0,0,0,0,1
703,1,1,3,1,1,1,0,0,0,0,0,0,1,0,0,0,1,0,0,0,1
704,0,1,6,1,1,0,0,0,0,0,0,0,1,1,0,0,0,0,1,0,0
705,0,0,6,1,1,0,1,0,0,0,1,1,1,0,0,0,0,0,0,0,0
706,1,1,3,1,1,1,0,0,0,0,0,0,1,0,0,0,0,0,0,0,0
707,0,1,3,1,1,1,1,0,0,0,1,1,1,1,1,0,1,1,1,0,1
708,0,1,3,1,1,1,0,0,0,0,0,0,1,0,0,1,1,0,0,0,0
709,1,1,3,1,1,1,1,0,0,1,1,1,1,0,1,0,1,0,0,0,0
710,1,1,3,1,1,1,1,0,0,0,1,1,1,0,1,0,1,1,0,0,0
711,0,1,3,1,1,1,1,0,0,0,0,0,1,0,0,0,0,0,0,0,0
712,1,1,3,1,1,1,1,0,0,0,0,1,1,0,0,1,1,0,0,0,0
713,0,1,3,1,1,1,1,0,0,0,1,1,1,0,1,1,1,1,0,0,0
714,0,1,3,1,1,1,0,0,0,0,0,0,1,0,0,0,1,0,0,0,0
715,0,1,3,1,1,1,1,0,0,0,0,0,1,0,0,1,1,0,0,0,0
716,0,1,3,1,1,1,0,0,0,0,0,0,1,0,0,1,1,0,0,0,0
717,1,1,3,1,1,1,1,0,0,0,1,1,1,0,1,0,1,1,0,0,1
718,1,1,3,1,1,1,0,0,0,0,1,1,1,0,0,1,1,0,0,0,0
719,0,1,3,1,1,1,0,0,0,0,0,0,1,0,0,1,1,0,0,0,0
720,0,0,12,0,0,0,1,0,0,0,0,0,0,1,0,0,0,0,1,0,1
721,0,1,3,1,1,1,1,0,0,1,1,1,1,0,1,1,1,1,0,0,0
722,0,0,6,1,1,0,1,0,0,0,0,0,1,0,0,0,0,0,0,0,1
723,0,1,3,1,1,1,0,0,0,0,1,1,1,0,0,0,1,1,0,0,1
724,1,1,3,1,1,1,0,0,0,0,0,0,1,0,0,1,1,0,0,0,0
725,1,1,3,1,1,1,1,0,0,0,1,1,1,0,1,0,1,0,0,0,0
726,1,1,3,1,1,1,1,0,0,0,0,0,1,0,0,1,1,0,0,0,0
727,1,1,3,1,1,1,0,0,0,0,0,0,1,1,0,1,1,0,1,0,0
728,0,1,3,1,1,1,1,0,0,0,1,1,1,0,1,0,1,0,0,0,1
729,1,1,3,1,1,1,0,0,0,0,0,0,1,0,0,0,1,1,0,0,0
730,1,1,3,1,1,1,0,0,0,1,0,0,1,0,0,0,1,0,0,0,0
731,0,1,3,1,1,1,1,0,0,0,0,0,1,1,0,1,1,0,1,0,0
732,0,1,3,0,1,1,1,0,0,0,1,1,1,0,1,0,1,1,0,0,0
733,1,1,3,1,1,1,1,0,0,0,0,0,1,0,0,0,0,0,0,0,1
734,0,1,12,1,1,0,1,0,0,0,1,1,1,1,0,0,0,1,1,0,1
735,0,0,6,1,1,0,1,0,0,0,0,0,1,1,0,0,0,0,1,0,1
736,1,1,3,1,1,1,1,0,0,1,1,1,1,0,1,1,1,1,0,0,0
737,1,1,3,1,1,1,0,0,0,0,1,1,1,0,0,0,1,0,0,0,1
738,0,1,12,1,1,0,1,0,0,0,1,1,1,0,0,0,0,0,0,0,0
739,0,1,3,1,1,1,1,0,0,0,1,1,1,0,1,0,1,1,0,0,0
740,0,1,3,1,1,1,1,0,0,0,1,1,1,0,1,0,1,1,0,0,1
741,0,1,3,1,1,1,0,0,0,0,0,0,1,1,0,1,1,0,1,0,0
742,1,1,3,1,1,1,0,0,0,0,0,1,1,0,0,1,1,1,0,0,1
743,1,1,3,1,1,1,0,0,0,0,0,0,1,0,0,1,1,0,0,0,0
744,1,1,3,1,1,1,0,0,0,0,0,0,1,0,0,0,1,0,0,0,0
745,0,1,3,1,1,1,1,0,1,0,1,1,1,0,1,1,1,1,0,0,1
746,0,1,12,1,1,0,0,0,0,0,1,1,1,1,0,0,0,0,1,0,1
747,0,1,3,0,1,0,1,0,0,0,1,1,1,1,0,0,0,0,1,0,1
748,0,0,3,1,1,1,0,0,0,0,0,0,1,0,0,0,1,0,0,0,1
749,1,1,3,1,1,1,0,0,0,0,0,0,1,0,0,0,1,0,0,0,0
750,0,0,3,0,1,0,1,0,0,0,1,1,1,0,0,0,0,0,0,0,1
751,1,1,3,1,1,1,1,0,0,0,1,1,1,0,1,1,1,1,0,0,0
752,1,1,3,1,1,1,1,0,0,0,1,1,1,0,1,0,1,0,0,0,1
753,1,1,3,1,1,1,0,0,0,0,0,0,1,0,0,1,1,0,0,0,0
754,1,1,12,0,1,0,0,0,0,0,1,0,0,1,0,0,0,0,1,0,0
755,1,1,3,1,1,1,0,0,0,0,1,0,1,0,0,1,1,0,0,0,0
756,0,1,3,1,1,1,1,0,0,0,1,1,1,0,0,0,0,0,0,0,0
757,0,1,3,1,1,1,1,0,0,0,1,1,1,0,1,1,1,1,0,0,0
758,1,1,3,1,1,1,0,0,0,0,1,1,1,0,1,0,1,0,0,0,0
759,1,1,3,0,1,1,0,0,0,0,0,0,0,0,0,0,0,0,0,0,1
760,1,1,3,1,1,1,1,0,0,0,0,0,1,0,0,1,1,0,0,0,1
761,1,1,3,1,1,1,1,0,0,0,1,1,1,0,0,1,1,0,0,0,1
762,0,1,3,1,1,1,0,0,0,0,0,0,1,0,0,0,0,0,0,0,1
763,0,1,3,1,1,1,1,0,0,0,1,1,1,0,1,0,1,1,0,0,0
764,0,1,3,1,1,0,0,0,0,0,0,0,1,0,0,0,0,0,0,0,0
765,0,1,3,1,1,0,0,0,0,0,0,0,1,0,0,0,0,0,0,0,0
766,1,1,3,1,1,1,1,0,0,0,1,1,1,0,1,0,1,0,0,0,0
767,0,1,3,1,1,1,0,0,0,0,1,1,1,0,0,0,1,0,0,0,0
768,1,1,3,1,1,1,0,0,0,0,0,0,1,0,0,1,1,0,0,0,0
769,1,1,3,1,1,1,1,0,0,0,1,1,1,0,1,0,1,1,0,0,1
770,1,1,3,1,1,1,1,0,0,0,1,1,1,0,0,0,1,0,0,0,1
771,1,1,3,1,1,1,1,0,0,0,1,1,1,0,1,1,1,1,0,0,0
772,0,0,6,0,1,0,1,0,0,0,0,1,1,1,0,0,0,0,1,0,1
773,0,1,3,1,1,1,0,0,0,0,0,0,1,0,0,1,1,0,0,0,0
774,1,1,3,1,1,1,0,0,0,0,0,0,1,0,0,1,1,0,0,0,1
775,1,1,3,1,1,1,0,0,0,0,0,0,1,0,0,0,1,0,0,0,0
776,1,1,3,1,1,1,0,0,0,0,0,0,1,1,0,1,1,0,1,0,1
777,1,1,3,1,1,1,1,0,0,0,1,1,1,0,1,0,1,1,0,0,1
778,1,1,3,1,1,1,0,0,0,0,0,0,1,0,0,0,0,0,0,0,1
779,1,1,3,1,1,1,0,0,0,0,0,0,1,0,0,1,1,0,0,0,0
780,1,1,3,1,1,1,1,0,0,1,1,1,1,0,1,0,1,0,0,0,0
781,0,1,3,1,1,1,0,0,0,0,0,1,1,0,0,0,1,0,0,0,0
782,1,1,12,1,1,0,0,0,0,0,0,0,1,0,0,0,0,0,0,0,0
783,0,1,3,1,1,1,0,0,0,0,1,1,1,0,0,1,1,0,0,0,0
784,0,1,3,1,1,1,0,0,0,0,0,0,1,0,0,1,1,0,0,0,0
785,0,1,3,1,1,1,1,0,0,0,1,1,1,0,1,0,1,0,0,0,0
786,0,1,3,1,1,1,1,0,0,0,1,1,1,0,1,0,1,1,0,0,0
787,0,1,3,1,1,1,0,0,0,0,1,0,1,0,0,0,1,0,0,0,1
788,1,1,3,1,1,1,0,0,0,0,0,0,1,0,0,0,1,0,0,0,0
789,0,1,3,1,1,1,1,0,0,0,1,1,1,0,1,0,1,0,0,0,0
790,1,1,3,1,1,1,1,0,0,0,1,1,1,0,1,1,1,1,0,0,0
791,0,1,3,1,1,1,1,0,0,0,1,1,1,0,1,0,1,1,0,0,0
792,0,1,3,1,1,0,0,0,0,0,1,1,1,0,0,0,0,1,0,0,0
793,0,1,3,1,1,1,0,0,0,0,0,0,1,0,0,0,1,0,0,0,1
794,0,1,3,1,1,1,1,0,0,0,1,1,1,0,1,0,1,0,0,0,0
795,1,1,3,1,1,1,0,0,0,0,0,0,1,0,0,1,1,1,0,0,0
796,0,1,3,0,1,0,1,0,0,0,0,0,1,0,0,0,1,0,0,0,0
797,0,1,3,1,1,1,1,0,0,0,1,1,1,0,1,0,1,0,0,0,0
798,1,1,3,1,1,1,1,0,0,0,0,1,1,1,0,1,1,0,1,0,1
799,0,1,3,1,1,1,1,0,0,0,1,1,1,0,1,0,1,1,0,0,0
800,0,1,3,1,1,1,0,0,0,0,0,0,1,0,0,1,1,0,0,0,0
801,1,1,3,1,1,1,1,0,0,0,0,0,1,0,0,0,1,0,0,0,0
802,1,1,12,1,1,0,0,0,0,0,0,0,1,0,0,0,0,0,0,0,1
803,0,1,3,1,1,1,0,0,0,0,0,0,1,0,0,0,1,0,0,0,0
804,0,1,3,1,1,1,0,0,0,0,1,1,1,0,0,1,1,0,0,0,0
805,1,1,3,1,1,1,1,0,0,0,1,1,1,0,1,1,1,1,0,0,1
806,0,1,3,1,1,1,0,0,0,0,0,0,1,1,0,0,1,0,1,0,0
807,1,1,3,1,1,1,1,0,0,0,1,1,1,0,0,0,1,0,0,0,0
808,0,1,3,0,1,0,0,0,0,0,0,1,1,1,0,0,0,1,1,0,0
809,0,1,3,1,1,1,1,0,0,0,1,1,1,1,1,0,1,1,1,0,0
810,1,1,3,1,1,1,1,0,0,0,1,1,1,0,1,0,1,1,0,0,0
811,0,1,3,0,1,1,0,0,0,0,1,1,1,0,0,0,1,0,0,0,1
812,0,1,3,1,1,1,0,0,0,0,1,1,1,0,0,0,1,0,0,0,1
813,0,1,3,1,1,1,0,0,0,0,0,0,1,0,0,1,1,0,0,0,0
814,1,0,3,1,1,0,0,0,0,0,1,1,1,0,0,0,1,0,0,0,0
815,0,1,3,1,1,1,1,0,0,0,1,1,1,0,1,0,1,1,0,0,1
816,0,1,3,1,1,1,0,0,0,0,0,0,1,0,0,1,1,0,0,0,0
817,0,1,12,1,1,0,0,0,0,0,1,1,1,0,0,0,0,0,0,0,1
818,0,1,3,1,1,1,0,0,0,0,0,0,1,0,0,1,1,0,0,0,0
819,1,1,3,1,1,1,0,0,0,0,0,1,1,0,0,0,1,0,0,0,1
820,0,0,3,0,1,0,0,0,0,0,1,1,1,0,0,1,1,0,0,0,0
821,0,1,3,1,1,1,1,0,0,0,1,1,1,0,1,0,1,1,0,0,0
822,1,1,12,1,1,0,0,0,0,0,1,1,1,0,0,0,0,0,0,0,1
823,0,1,3,1,1,1,0,0,0,0,0,0,1,0,0,0,1,0,0,0,0
824,1,1,3,1,1,0,0,0,0,0,1,1,1,0,0,0,1,0,0,0,1
825,1,1,3,1,1,1,0,0,0,0,0,0,1,0,0,0,0,0,0,0,1
826,1,1,3,1,1,1,1,0,0,0,1,1,1,0,1,0,1,1,0,0,1
827,0,0,12,1,1,0,1,0,0,0,1,1,1,1,0,0,0,0,1,0,1
828,0,0,3,1,1,0,0,0,0,0,1,1,1,0,0,0,0,0,0,0,0
829,1,1,3,1,1,1,0,0,0,0,0,0,1,0,0,0,0,0,0,0,0
830,1,1,3,1,1,1,0,0,0,1,1,0,1,0,0,1,1,0,0,0,0
831,0,1,3,1,1,1,0,0,0,0,1,1,1,0,1,1,1,1,0,0,0
832,0,1,3,1,1,1,1,0,0,0,1,1,1,0,1,1,1,1,0,0,0
833,0,1,3,1,1,1,1,0,0,0,1,1,1,0,1,1,1,1,0,0,0
834,1,1,3,1,1,1,0,0,0,0,0,0,1,0,0,1,1,0,0,0,1
835,1,1,3,1,1,1,0,0,0,0,0,0,1,0,0,0,1,0,0,0,0
836,1,1,3,1,1,1,0,0,0,1,0,1,1,1,0,0,1,0,1,0,0
837,0,0,6,1,0,0,1,0,0,0,1,1,1,0,0,0,0,0,0,0,0
838,1,1,3,1,1,1,0,0,0,0,0,0,1,0,0,1,1,0,0,0,0
839,0,1,3,1,1,1,0,0,0,0,1,1,1,1,1,1,1,1,1,0,0
840,0,1,3,1,1,1,1,0,0,0,1,1,1,0,1,0,1,1,0,0,1
841,0,1,3,1,1,1,0,0,0,0,0,0,1,0,0,0,1,0,0,0,1
842,1,1,3,1,1,1,1,0,0,0,1,1,1,1,1,0,1,1,1,0,1
843,1,1,3,1,1,1,1,0,0,0,0,0,1,0,0,0,1,0,0,0,0
844,0,1,3,1,1,1,0,0,0,0,0,0,1,0,0,1,1,0,0,0,0
845,0,0,3,0,1,1,0,0,0,0,0,0,1,0,0,0,0,0,0,0,1
846,0,1,3,1,1,1,1,0,0,0,1,1,1,0,1,1,1,1,0,0,0
847,0,1,3,1,1,1,0,0,0,0,0,0,1,0,0,1,1,0,0,0,0
848,1,1,3,0,1,0,0,0,0,0,1,1,1,0,0,1,1,1,0,0,0
849,0,1,3,1,1,1,1,0,0,0,0,0,1,0,0,1,1,1,0,0,0
850,1,1,3,1,1,1,1,0,0,0,1,1,1,0,1,1,1,1,0,0,0
851,0,1,3,1,1,1,1,0,0,0,1,1,1,0,1,0,1,0,0,0,0
852,0,1,3,1,1,1,1,0,0,0,1,1,1,0,1,0,1,0,0,0,0
853,0,1,3,1,1,1,1,0,0,0,1,1,1,0,0,0,1,0,0,0,0
854,0,1,3,1,1,0,0,0,0,0,1,1,1,0,0,0,0,0,0,0,1
855,1,1,3,1,1,1,0,0,0,1,0,0,1,0,0,1,1,0,0,0,1
856,1,1,3,1,1,1,0,0,0,0,0,0,1,0,0,1,1,0,0,0,1
857,0,0,3,1,1,1,1,0,0,0,1,1,1,0,0,0,1,0,0,0,0
858,0,1,3,1,1,1,0,0,0,0,0,0,1,0,0,0,0,0,0,0,0
859,0,0,3,1,1,0,1,0,0,0,0,0,0,0,0,0,0,0,0,0,0
860,0,1,3,1,1,1,1,0,0,0,1,1,1,0,1,0,1,0,0,0,1
861,0,1,3,0,1,1,0,0,0,0,0,0,1,0,0,1,1,0,0,0,0
862,0,1,3,1,1,1,1,0,0,0,1,1,1,0,1,0,1,1,0,0,1
863,0,1,3,1,1,1,0,0,0,0,0,0,1,0,0,0,1,0,0,0,0
864,1,1,3,0,0,0,1,0,0,1,1,1,0,0,1,0,0,0,0,0,0
865,0,0,6,0,0,0,1,0,0,0,0,0,0,1,0,0,0,0,1,0,0
866,1,1,3,1,1,1,1,0,0,0,0,0,1,0,0,1,1,1,0,0,1
867,1,1,3,1,1,1,0,0,0,0,0,0,1,0,0,0,1,0,0,0,0
868,0,1,6,0,1,0,1,0,0,0,1,1,1,0,0,0,0,0,0,0,1
869,0,1,3,1,1,1,0,0,0,0,0,0,1,0,0,1,1,0,0,0,0
870,0,1,3,1,1,1,0,0,0,0,0,0,1,0,0,0,1,0,0,0,0
871,0,1,3,1,1,1,0,0,0,0,0,0,1,1,0,0,1,0,1,0,0
872,1,1,3,1,1,1,0,0,0,0,1,1,1,0,0,0,1,1,0,0,0
873,0,1,3,1,1,1,1,0,0,0,1,1,1,0,1,0,1,0,0,0,0
874,0,1,3,1,1,1,0,0,0,0,0,0,1,0,0,1,1,1,0,0,0
875,0,1,3,1,1,1,1,0,0,0,1,1,1,0,1,0,1,1,0,0,0
876,1,1,3,1,1,1,0,0,0,0,1,1,1,1,0,0,1,1,1,0,1
877,0,1,3,1,1,1,0,0,0,0,1,1,1,0,1,0,1,1,0,0,0
878,0,0,12,1,1,0,0,0,0,0,0,0,1,0,0,0,0,0,0,0,1
879,0,1,3,1,1,1,1,0,0,0,1,1,1,0,1,0,1,0,0,0,0
880,1,1,3,1,1,1,0,0,0,0,0,0,1,1,0,0,1,0,1,0,1
881,0,1,3,1,1,1,1,0,0,0,1,1,1,0,1,0,1,1,0,0,0
882,0,1,3,1,1,1,0,0,0,0,0,0,1,0,0,1,1,1,0,0,0
883,1,1,3,1,1,1,0,0,0,0,1,1,1,1,0,0,0,0,1,0,0
884,1,1,3,1,1,1,1,0,0,0,1,1,1,0,0,0,1,1,0,0,0
885,1,1,3,1,1,1,0,0,0,0,0,0,1,0,0,0,0,0,0,0,1
886,1,0,12,1,1,0,0,0,0,0,1,1,1,0,0,0,0,0,0,0,1
887,0,1,12,0,1,0,0,0,0,0,0,0,1,0,0,0,0,1,0,0,0
888,0,1,3,1,1,1,1,0,0,0,1,1,1,0,1,0,1,1,0,0,1
889,1,1,3,1,1,1,1,0,0,0,1,1,1,0,1,0,1,1,0,0,0
890,0,1,3,1,1,0,1,0,0,0,1,1,1,0,0,0,1,1,0,0,0
891,1,1,3,1,1,1,1,0,0,0,1,1,1,0,1,0,1,1,0,0,1
892,1,1,3,1,1,1,1,0,0,0,1,1,1,0,1,0,1,1,0,0,0
893,1,1,3,1,1,1,0,0,0,0,1,0,1,1,0,1,1,0,1,0,1
894,0,1,3,1,1,1,0,0,0,0,0,0,1,1,0,1,1,0,1,0,0
895,0,1,3,1,1,1,1,0,0,0,1,1,1,1,1,0,1,0,1,0,1
896,1,1,3,1,1,1,0,0,0,0,0,0,1,0,0,1,1,0,0,0,0
897,1,1,3,1,1,1,0,0,0,0,0,0,1,0,0,0,1,1,0,0,0
898,0,1,3,1,1,1,1,0,0,0,1,1,1,0,1,1,1,0,0,0,0
899,1,1,3,1,1,1,0,0,0,0,1,1,1,0,0,1,1,0,0,0,1
900,0,1,3,1,1,1,0,0,0,0,0,0,1,0,0,0,0,0,0,0,0
901,1,1,3,1,1,1,0,0,0,0,0,0,1,0,0,1,1,0,0,0,0
902,1,1,3,1,1,1,0,0,0,0,0,0,1,0,0,1,1,0,0,0,0
903,1,1,3,1,1,1,0,0,0,0,0,0,1,0,0,1,1,0,0,0,0
904,0,1,3,1,1,1,0,0,0,0,0,1,1,1,0,1,1,0,1,0,0
905,1,1,3,1,1,1,0,0,0,0,0,0,1,1,0,1,1,0,1,0,1
906,1,1,12,0,1,0,1,0,0,0,1,1,1,1,0,0,0,0,1,0,0
907,0,0,12,1,1,0,1,0,0,0,1,0,1,1,0,0,0,0,1,0,1
908,1,1,3,1,1,1,1,0,0,0,0,0,1,0,0,1,1,0,0,0,0
909,0,1,3,1,1,1,0,0,0,0,0,0,1,0,0,0,1,0,0,0,0
910,1,1,3,1,1,1,1,0,0,0,1,1,1,0,1,0,1,0,0,0,1
911,1,1,3,1,1,1,0,0,0,0,0,0,1,0,0,0,1,0,0,0,0
912,1,1,3,1,1,1,0,0,0,0,0,0,1,0,0,0,1,0,0,0,0
913,1,1,3,1,1,1,0,0,0,0,0,0,1,1,0,1,1,0,1,0,0
914,0,1,3,1,1,1,0,0,0,0,0,0,1,0,0,1,1,0,0,0,0
915,0,1,3,1,1,1,1,0,0,0,1,1,1,0,1,0,1,1,0,0,1
916,1,1,3,1,1,1,1,0,0,0,1,1,1,0,1,0,1,0,0,0,0
917,0,1,3,1,1,1,1,0,0,0,1,1,1,0,1,1,1,1,0,0,0
918,0,1,3,0,1,0,1,0,0,0,1,1,1,0,0,1,1,0,0,0,0
919,1,1,3,1,1,1,1,0,0,0,1,1,1,1,1,1,1,1,1,0,1
920,0,1,3,1,1,1,0,0,0,0,0,0,1,0,0,1,1,0,0,0,1
921,1,1,3,1,1,1,0,0,0,0,0,0,1,0,0,1,1,0,0,0,0
922,0,1,3,1,1,1,1,0,0,0,1,1,1,0,1,0,1,1,0,0,0
923,0,1,3,1,1,1,1,0,0,0,1,1,1,0,1,0,1,1,0,0,0
924,0,1,3,1,1,1,1,0,0,0,1,1,1,0,1,1,1,1,0,0,0
925,0,1,3,1,1,1,1,0,0,0,1,1,1,0,1,1,1,1,0,0,0
926,0,1,3,1,1,1,1,0,0,0,0,0,1,0,0,1,1,0,0,0,0
927,0,1,3,1,1,1,0,0,0,0,0,0,1,0,0,1,1,0,0,0,0
928,0,1,3,1,1,1,0,0,0,0,0,0,1,0,0,0,1,0,0,0,0
929,0,1,3,0,1,1,0,0,0,0,0,0,1,0,0,0,1,0,0,0,0
930,1,1,3,1,1,1,0,0,0,0,1,1,1,0,0,1,1,1,0,0,0
931,1,1,3,1,1,1,0,0,0,0,0,0,1,0,0,0,0,0,0,0,0
932,1,1,3,1,1,1,1,0,0,0,1,1,1,1,0,1,1,0,1,0,0
933,0,1,3,1,1,1,1,0,0,0,1,1,1,0,1,0,1,1,0,0,1
934,0,1,3,1,1,1,1,0,0,0,1,1,1,0,1,0,1,1,0,0,0
935,0,1,3,1,1,1,1,0,0,0,1,1,1,0,1,0,1,1,0,0,0
936,1,1,3,1,1,1,1,0,0,0,1,1,1,0,1,0,1,1,0,0,1
937,0,1,3,1,1,1,0,0,0,0,1,1,1,0,0,1,1,0,0,0,0
938,0,0,6,0,1,0,0,0,0,0,0,0,0,0,0,0,0,0,0,0,0
939,0,1,3,1,1,1,1,0,0,0,1,1,1,0,1,0,1,1,0,0,0
940,1,1,3,1,1,1,1,0,0,0,1,1,1,0,1,0,1,1,0,0,0
941,1,1,3,1,1,1,0,0,0,0,0,0,1,0,0,1,1,0,0,0,0
942,1,1,3,1,1,1,1,0,0,0,1,1,1,0,0,0,1,0,0,0,0
943,1,1,3,1,1,1,1,0,0,0,1,1,1,0,1,1,1,1,0,0,0
944,0,1,6,1,1,0,0,0,0,0,1,1,1,1,0,0,0,0,1,0,1
945,1,1,3,1,1,1,1,0,0,0,1,1,1,0,1,0,1,0,0,0,1
946,0,1,6,1,1,0,1,0,0,0,1,0,1,0,0,0,0,0,0,0,0
947,0,0,3,1,1,1,0,0,0,0,0,0,1,0,0,1,1,0,0,0,0
948,0,0,3,0,1,1,1,0,0,0,1,1,1,0,0,0,0,0,0,0,1
949,1,1,3,1,1,1,1,0,0,0,1,1,1,0,1,0,1,0,0,0,0
950,0,1,3,1,1,1,1,0,0,1,1,1,1,0,1,0,1,1,0,0,0
951,0,1,6,1,1,0,1,0,0,0,1,1,1,0,0,0,0,0,0,0,0
952,0,0,3,1,1,1,0,0,0,0,0,0,1,0,0,0,1,0,0,0,0
953,1,1,3,1,1,1,0,0,0,0,0,0,1,0,0,1,1,0,0,0,1
954,0,1,3,0,1,0,0,0,0,0,1,1,1,0,0,1,1,0,0,0,1
955,0,1,3,1,1,1,1,0,0,0,1,1,1,1,0,1,1,0,1,0,1
956,0,1,3,1,1,1,0,0,0,0,0,0,1,1,0,0,0,0,1,0,1
957,0,1,3,1,1,1,0,0,0,0,0,0,1,0,0,1,1,0,0,0,0
958,0,0,6,1,1,1,1,0,0,0,1,1,1,0,0,0,1,0,0,0,1
959,0,1,3,1,1,1,1,0,0,1,1,1,1,0,0,1,1,1,0,0,0
960,0,0,6,0,1,0,0,0,0,0,1,1,1,0,0,0,0,0,0,0,0
961,0,1,3,1,1,1,0,0,0,0,0,0,1,1,0,0,0,0,1,0,1
962,0,0,3,0,1,0,0,0,0,0,0,1,1,0,0,0,0,0,0,0,0
963,1,1,3,1,1,1,0,0,0,0,0,0,1,1,0,0,1,0,1,0,1
964,0,0,3,0,0,0,0,0,0,0,0,0,0,0,0,0,0,0,0,0,0
965,1,1,3,1,1,1,1,0,0,0,0,0,1,0,0,1,1,1,0,0,0
966,0,1,3,1,1,1,1,0,0,0,1,1,1,0,1,0,1,1,0,0,0
967,0,1,3,1,1,1,1,0,0,1,1,1,1,0,1,0,1,1,0,0,0
968,0,1,3,1,1,1,1,0,0,0,1,1,1,0,1,0,1,1,0,0,0
969,1,1,3,1,1,1,0,0,0,0,0,0,1,0,0,0,1,1,0,0,1
970,0,1,3,0,1,1,1,0,0,0,0,1,1,0,0,0,0,0,0,0,1
972,0,1,3,1,1,1,1,0,0,0,0,0,1,0,0,0,1,0,0,0,0
973,0,1,12,1,1,0,1,0,0,0,1,1,1,0,0,0,0,0,0,0,1
974,0,1,3,1,1,1,1,0,0,0,1,1,1,0,1,0,1,1,0,0,0
975,0,1,3,1,1,1,0,0,0,0,0,0,1,0,0,1,1,0,0,0,0
976,1,1,3,1,1,1,0,0,0,0,1,1,1,0,0,0,1,0,0,0,0
977,0,1,12,0,1,0,0,0,0,0,1,1,1,0,0,0,0,1,0,0,0
978,1,1,3,1,1,1,0,0,0,0,1,1,1,1,0,0,1,0,1,0,0
979,1,1,3,1,1,1,1,0,0,0,0,0,1,0,0,0,0,0,0,0,0
980,0,1,3,1,1,1,0,0,0,0,0,0,1,0,0,0,1,0,0,0,0
981,1,1,3,1,1,1,1,0,0,0,1,1,1,1,1,1,1,0,1,0,1
982,0,1,3,1,1,1,0,0,0,0,0,0,1,0,0,1,1,0,0,0,0
983,0,1,3,1,1,1,0,0,0,0,0,0,1,0,0,1,1,0,0,0,0
984,0,0,12,0,1,0,0,0,0,0,0,0,1,0,0,0,0,0,0,0,0
985,0,1,6,1,1,0,1,0,0,0,1,1,1,0,0,0,0,1,0,0,1
986,0,0,6,0,0,0,0,0,0,0,0,0,0,0,0,0,0,0,0,0,0
987,0,0,3,1,1,1,1,0,0,0,1,1,1,0,1,0,1,1,0,0,0
988,0,1,3,1,1,1,0,0,0,0,0,0,1,0,0,1,1,0,0,0,0
989,1,1,12,0,0,0,0,0,0,0,0,0,0,0,0,0,0,0,0,0,0
990,0,0,3,1,1,1,1,0,0,0,1,1,1,0,1,0,1,0,0,0,1
991,0,1,3,1,1,1,1,0,0,0,1,1,1,0,0,0,0,0,0,0,1
992,0,1,3,1,1,0,0,0,0,0,0,0,1,1,0,0,0,0,1,0,0
993,1,1,3,0,1,1,0,0,0,0,0,0,1,0,0,0,1,1,0,0,0
994,0,1,3,1,1,1,1,0,0,0,0,0,1,0,0,0,1,0,0,0,1
995,1,1,3,1,1,1,0,0,0,0,0,0,1,1,0,0,1,0,1,0,1
996,0,0,3,1,1,0,0,0,0,0,1,1,1,0,0,0,0,0,0,0,0
997,0,0,6,1,0,0,0,0,0,0,0,0,1,0,0,0,0,0,0,0,0
998,0,0,6,1,1,0,1,0,0,0,0,0,1,1,0,0,0,1,1,0,1
999,0,0,3,0,0,0,0,0,0,0,0,0,0,0,0,0,0,0,0,0,0
1000,0,1,3,1,1,1,0,0,0,0,0,0,1,0,0,0,1,0,0,0,0
1001,1,1,3,1,1,1,1,0,0,0,1,1,1,0,1,0,1,1,0,0,0
1002,0,1,3,0,1,0,0,0,0,0,0,0,1,0,0,0,0,0,0,0,0
1003,0,1,6,0,1,0,0,0,0,0,1,0,1,0,0,0,0,0,0,0,0
1004,1,1,3,1,1,1,1,0,0,0,1,1,1,0,1,1,1,1,0,0,0
1005,1,1,3,1,1,1,0,0,0,0,0,0,1,0,0,0,0,0,0,0,0
1006,1,1,3,1,1,1,0,0,0,0,0,0,1,0,0,1,1,0,0,0,1
1007,1,1,3,1,1,1,0,0,0,0,1,1,1,0,0,0,1,0,0,0,0
1008,1,1,3,1,1,1,1,0,0,0,1,1,1,0,1,0,1,1,0,0,0
1009,1,1,3,1,1,1,1,0,0,0,0,0,1,0,0,1,1,0,0,0,1
1010,1,1,3,1,1,1,0,0,0,0,0,0,1,0,0,1,1,0,0,0,0
1011,1,1,3,1,1,1,0,0,0,0,0,0,1,0,0,0,1,0,0,0,0
1012,1,1,3,1,1,1,0,0,0,0,1,1,1,0,0,1,1,0,0,0,1
1013,0,1,3,1,1,1,0,0,0,0,0,0,1,0,0,0,1,0,0,0,1
1014,1,1,3,1,1,1,0,0,0,0,1,1,1,1,0,1,1,0,1,0,1
1015,1,1,3,1,1,1,0,0,0,0,0,0,1,0,0,1,1,0,0,0,1
1016,0,1,3,1,1,1,0,0,0,0,0,0,1,0,0,1,1,0,0,0,0
1017,0,1,3,1,1,1,1,0,0,0,1,1,1,0,0,1,1,0,0,0,1
1018,0,1,3,1,1,1,0,0,0,0,0,0,1,0,0,0,1,0,0,0,0
1019,1,1,3,1,1,1,1,0,0,0,1,1,1,0,1,1,1,1,0,0,0
1020,0,1,3,1,1,1,1,0,0,0,1,1,1,0,1,1,1,1,0,0,0
1021,0,1,3,1,1,1,0,0,0,0,1,1,1,0,0,0,1,0,0,0,0
1022,1,1,3,1,1,1,0,0,0,1,1,0,1,0,0,1,1,0,0,0,0
1023,1,1,3,1,1,1,1,0,0,0,1,1,1,0,1,1,1,0,0,0,0
1024,1,1,3,1,1,1,0,0,0,0,0,0,1,0,0,1,1,0,0,0,0
1025,0,1,3,1,1,1,1,0,0,0,1,1,1,0,1,0,1,1,0,0,0
1026,1,1,3,1,1,1,0,0,0,0,0,0,1,0,0,0,0,0,0,0,0
1027,0,1,3,0,0,0,0,0,0,0,0,0,0,0,0,0,0,0,0,0,0
1028,0,1,3,1,1,1,0,0,0,0,0,0,1,0,0,0,1,1,0,0,0
1029,0,1,3,1,1,1,1,0,0,1,0,1,1,0,0,1,1,1,0,0,1
1030,1,1,3,0,1,0,0,0,0,0,0,0,1,0,0,0,1,0,0,0,0
1031,0,1,3,1,1,1,1,0,0,0,1,1,1,0,1,0,1,1,0,0,0
1032,1,1,3,1,1,1,0,0,0,0,0,0,1,0,0,1,1,0,0,0,0
1033,0,1,3,0,1,0,1,0,0,0,1,1,1,1,0,0,0,0,1,0,0
1034,1,1,3,1,1,1,1,0,0,0,1,1,1,0,1,0,1,1,0,0,1
1035,1,1,12,1,1,0,0,0,0,0,1,1,1,0,0,0,0,0,0,0,1
1036,0,1,3,1,1,1,0,0,0,0,1,1,1,1,0,0,1,0,1,0,0
1037,0,1,3,1,1,1,1,0,0,0,1,1,1,0,1,0,1,1,0,0,0
1038,0,1,3,1,1,1,0,0,0,0,1,1,1,0,0,1,1,0,0,0,0
1039,0,1,3,1,1,1,1,0,0,0,1,1,1,0,1,0,1,0,0,0,0
1040,0,1,3,1,1,1,1,0,0,0,1,1,1,0,0,0,1,0,0,0,0
1041,1,1,3,1,1,1,0,0,0,0,1,1,1,0,0,1,1,0,0,0,1
1042,0,0,6,1,1,0,0,0,0,0,1,0,1,0,0,0,0,0,0,0,0
1043,1,1,3,1,1,1,0,0,0,0,1,1,1,0,0,0,1,0,0,0,0
1044,1,1,3,1,1,1,1,0,0,0,1,1,1,0,1,0,1,1,0,0,0
1045,0,1,3,1,1,1,0,0,0,0,1,1,1,0,0,0,1,0,0,0,0
1046,0,1,3,0,1,0,0,0,0,0,1,1,1,0,0,0,1,0,0,0,0
1047,0,1,3,1,1,1,0,0,0,0,0,0,1,0,0,0,0,0,0,0,1
1048,0,1,3,1,1,1,0,0,0,0,0,0,1,0,0,1,1,0,0,0,0
1049,0,1,3,0,1,0,1,0,0,0,0,0,1,0,0,0,0,0,0,0,0
1050,0,1,3,0,1,0,0,0,0,0,0,0,1,0,0,0,1,0,0,0,1
1051,1,1,3,1,1,1,1,0,0,0,1,0,1,0,0,0,1,0,0,0,1
1052,0,0,3,0,1,1,1,0,0,0,0,0,1,0,0,0,1,0,0,0,0
1053,0,0,3,0,0,0,1,0,0,0,1,0,1,0,0,0,0,0,0,0,0
1054,0,1,3,1,1,1,0,0,0,0,0,0,1,0,0,0,0,0,0,0,0
1055,0,1,3,1,1,1,1,0,0,0,1,0,1,0,0,1,1,1,0,0,0
1056,0,1,3,0,1,0,1,0,0,0,1,1,1,1,1,0,1,0,1,0,1
1057,0,1,3,1,1,1,1,0,0,0,0,0,1,0,0,1,1,0,0,0,1
1058,0,1,3,0,1,0,0,0,0,0,0,0,1,0,0,0,1,0,0,0,0
1059,0,1,3,1,1,1,1,0,0,0,1,1,1,0,0,0,1,0,0,0,0
1060,0,1,3,1,1,1,0,0,0,0,0,0,1,0,0,1,1,0,0,0,0
1061,0,1,3,1,1,1,1,0,0,0,1,1,1,0,1,0,1,1,0,0,1
1062,0,1,3,0,1,0,0,0,0,0,1,1,1,0,0,0,1,0,0,0,0
1063,0,1,3,0,1,0,0,0,0,0,0,0,1,0,0,0,0,0,0,0,0
1064,0,1,3,1,1,1,0,0,0,0,0,0,1,0,0,0,0,0,0,0,1
1065,0,0,3,1,1,0,0,0,0,0,1,1,1,0,0,0,0,0,0,0,0
1066,0,1,3,0,1,0,0,0,0,0,1,1,1,0,0,1,1,0,0,0,0
1067,0,1,3,1,1,1,0,0,0,0,0,0,1,0,0,1,1,0,0,0,0
1068,0,1,3,1,1,1,0,0,0,0,0,0,1,0,0,1,1,0,0,0,0
1069,0,1,3,0,1,0,1,0,0,0,0,0,1,0,0,1,1,1,0,0,1
1070,0,1,3,1,1,1,0,0,0,0,0,0,1,0,0,1,1,0,0,0,0
1071,0,1,3,1,1,1,0,0,0,1,0,0,1,0,0,1,1,0,0,0,0
1072,0,1,3,1,1,1,0,0,0,0,1,1,1,0,0,1,1,1,0,0,1
1073,0,0,6,0,1,0,0,0,0,0,1,1,1,0,0,0,0,1,0,0,0
1074,0,1,3,1,1,1,0,0,0,0,0,0,1,0,0,1,1,0,0,0,0
1075,0,1,3,1,1,1,1,0,0,0,1,1,1,0,1,0,1,1,0,0,1
1076,0,1,3,1,1,1,0,0,0,0,0,0,1,0,0,1,1,0,0,0,1
1077,0,1,6,0,1,0,1,0,0,0,1,1,1,0,0,0,0,1,0,0,1
1078,0,1,3,0,1,0,0,0,0,0,0,0,1,0,0,0,0,0,0,0,0
1079,0,1,3,1,1,1,0,0,0,0,0,0,1,0,0,1,1,0,0,0,0
1080,0,1,3,1,1,1,0,0,0,0,0,0,1,0,0,1,1,0,0,0,0
1081,0,1,3,1,1,0,1,0,0,0,1,1,1,0,0,0,0,0,0,0,0
1082,0,1,3,0,1,0,0,0,0,0,0,0,1,0,0,0,1,0,0,0,0
1083,0,0,6,0,1,1,0,0,0,0,0,0,0,0,0,0,0,0,0,0,1
1084,0,1,3,0,1,0,0,0,0,0,0,0,1,0,0,0,1,0,0,0,0
1085,0,1,6,0,1,0,0,0,0,0,0,0,1,1,0,0,0,0,1,0,0
1086,0,0,6,0,1,0,0,0,0,0,1,1,1,0,0,0,0,0,0,0,1
1087,1,1,3,0,1,0,0,0,0,0,1,1,1,0,0,0,1,0,0,0,0
1088,0,1,3,1,1,0,0,0,0,0,0,0,1,0,0,0,0,0,0,0,0
1089,0,1,3,0,1,0,1,0,0,0,1,1,1,0,0,0,1,0,0,0,1
1091,0,1,3,0,1,0,1,0,0,0,1,1,1,0,1,0,1,0,0,0,0
1092,0,1,3,1,1,1,0,0,0,0,0,0,1,0,0,1,1,0,0,0,0
1093,0,1,3,1,1,1,0,0,0,0,0,0,1,0,0,1,1,0,0,0,0
1094,0,1,3,1,1,0,0,0,0,0,0,0,1,0,0,0,0,0,0,0,0
1095,0,1,3,0,1,0,1,0,0,0,1,1,1,1,0,1,1,0,1,0,1
1096,0,1,3,0,1,0,1,0,0,0,1,1,1,0,0,0,1,0,0,0,0
1097,1,1,3,0,1,0,0,0,0,0,1,1,1,0,0,0,1,1,0,0,0
1098,0,1,3,1,1,1,0,0,0,0,0,0,1,0,0,0,1,0,0,0,1
1099,0,1,3,1,1,1,1,0,0,0,0,0,1,0,0,0,0,1,0,0,0
1100,0,0,6,0,0,0,0,0,0,0,0,0,1,0,0,0,0,0,0,0,0
1101,0,1,3,1,1,1,0,0,0,0,0,0,1,0,0,1,1,0,0,0,0
1102,0,0,6,0,0,0,0,0,0,0,1,1,1,0,0,0,0,0,0,0,0
1103,0,1,3,1,1,1,0,0,0,0,0,0,1,0,0,1,1,0,0,0,0
1104,0,1,3,0,1,0,0,0,0,0,1,1,1,0,0,0,1,1,0,0,1
1105,1,1,3,0,1,0,1,0,0,0,1,1,1,0,0,0,1,0,0,0,0
1106,1,1,3,1,1,0,0,0,0,0,0,0,1,0,0,1,1,0,0,0,0
1107,1,1,3,0,1,0,1,0,0,0,1,1,1,1,0,0,1,0,1,0,1
1108,0,1,3,1,1,1,0,0,0,0,0,0,1,0,0,1,1,0,0,0,0
1109,0,1,3,1,1,0,0,0,0,0,0,0,1,0,0,1,1,0,0,0,0
1110,0,1,3,1,1,1,1,0,0,0,1,1,1,0,1,0,1,1,0,0,0
1111,0,1,3,1,1,1,0,0,0,0,0,0,1,1,0,1,1,1,1,0,1
1112,0,1,3,1,1,1,1,0,0,0,1,1,1,0,0,0,0,0,0,0,1
1113,0,1,3,0,1,0,0,0,0,0,0,0,1,0,0,0,1,0,0,0,1
1114,0,1,3,1,1,1,0,0,0,0,0,0,1,0,0,1,1,0,0,0,0
1115,0,1,6,0,1,0,0,0,0,0,0,0,1,0,0,0,0,0,0,0,0
1116,0,1,3,1,1,1,1,0,0,0,1,1,1,0,1,1,1,1,0,0,0
1117,0,1,3,1,1,1,0,0,0,0,0,0,1,0,0,1,1,1,0,0,0
1118,0,1,3,0,1,0,0,0,0,0,1,1,1,0,1,0,1,0,0,0,1
1119,0,1,3,0,1,0,1,0,0,0,0,0,1,0,0,0,0,0,0,0,1
1120,0,1,3,0,1,0,0,0,0,0,1,1,1,0,0,0,1,0,0,0,1
1121,0,1,3,0,1,0,0,0,0,0,1,1,0,1,0,0,0,1,1,0,0
1122,0,1,3,0,1,1,1,0,0,0,0,0,1,0,0,1,1,0,0,0,1
1123,0,1,3,1,1,1,0,0,0,0,0,0,1,0,0,1,1,0,0,0,1
1124,1,1,3,0,1,0,0,0,0,0,0,0,1,0,0,0,1,0,0,0,1
1125,1,1,3,0,1,0,0,0,0,0,1,1,1,0,0,0,1,0,0,0,1
1126,0,1,3,0,1,0,0,0,0,0,1,1,1,0,0,0,1,0,0,0,0
1127,0,1,3,0,1,0,0,0,0,0,1,1,1,0,0,1,1,0,0,0,0
1128,0,1,3,0,1,0,0,0,0,0,1,1,1,0,0,0,0,1,0,0,0
1129,1,1,3,0,1,0,1,0,0,0,1,1,1,0,0,0,1,0,0,0,0
1130,0,1,3,0,1,0,0,0,0,0,1,1,1,0,1,0,1,0,0,0,0
1131,1,1,3,0,1,0,0,0,0,0,1,1,1,0,0,1,1,1,0,0,0
1132,0,1,3,0,1,1,1,0,0,0,1,1,1,1,0,0,0,0,1,0,1
1133,1,1,3,1,1,1,1,0,0,0,1,1,1,0,0,1,1,0,0,0,0
1134,0,1,3,0,1,0,0,0,0,0,0,0,1,0,0,0,0,0,0,0,1
1135,1,1,3,1,1,1,0,0,0,0,0,0,1,0,0,1,1,0,0,0,0
1136,0,1,3,0,1,0,0,0,0,0,1,1,1,0,0,1,1,0,0,0,1
1137,0,1,3,1,1,1,1,0,0,0,1,0,1,0,0,1,1,1,0,0,0
1138,0,1,3,0,1,0,0,0,0,0,0,0,1,0,0,0,1,0,0,0,0
1139,0,1,3,1,1,0,0,0,0,0,0,0,0,0,0,0,0,0,0,0,0
1140,0,1,3,0,1,0,0,0,0,0,1,1,1,0,0,0,1,1,0,0,0
1141,0,1,3,0,1,0,0,0,0,0,0,1,1,1,0,1,1,0,1,0,0
1142,0,1,3,1,1,1,0,0,0,0,0,0,1,0,0,1,1,0,0,0,0
1143,0,1,3,0,1,0,1,0,0,0,0,0,1,0,0,1,1,0,0,0,1
1144,0,1,6,0,1,0,1,0,0,0,1,1,1,1,0,0,0,0,1,0,0
1145,0,1,3,0,1,0,0,0,0,0,1,1,1,1,0,1,1,0,1,0,0
1146,0,1,3,1,1,1,0,0,0,0,0,0,1,0,0,0,1,0,0,0,0
1147,0,1,3,1,1,1,0,0,0,0,1,1,0,0,0,0,0,0,0,0,0
1148,0,0,3,0,1,0,0,0,0,0,0,0,1,0,0,0,0,0,0,0,1
1149,0,1,3,1,1,1,0,0,0,1,1,1,1,0,1,0,1,0,0,0,0
1150,1,1,3,0,1,0,0,0,0,0,0,0,1,0,0,0,1,0,0,0,0
1151,0,1,3,0,1,1,0,0,0,0,0,0,1,1,0,0,1,0,1,0,1
1152,0,1,3,1,1,1,1,0,0,0,0,0,1,0,0,1,1,0,0,0,0
1153,0,1,3,1,1,1,0,0,0,0,1,1,1,0,0,1,1,0,0,0,0
1154,0,1,3,0,1,0,0,0,0,0,1,1,1,0,0,0,0,0,0,0,0
1155,0,1,3,0,1,0,0,0,0,0,0,0,1,0,0,0,0,0,0,0,1
1156,0,1,3,0,1,0,1,0,0,0,1,1,1,0,0,0,1,0,0,0,0
1157,1,1,3,0,1,1,1,0,0,0,1,1,1,0,0,0,0,0,0,0,0
1158,0,1,3,0,1,0,1,0,0,0,0,0,1,0,0,0,1,0,0,0,0
1159,1,1,3,0,1,0,1,0,0,1,1,1,1,0,0,0,1,1,0,0,0
1160,1,1,3,0,1,0,0,0,0,0,0,0,1,1,0,0,1,0,1,0,0
1161,0,1,3,0,1,0,1,0,0,0,1,1,1,0,0,1,1,0,0,0,0
1162,0,1,3,1,1,1,0,0,0,0,0,0,1,0,0,1,1,0,0,0,1
1163,0,1,3,1,1,1,0,0,0,0,0,0,1,0,0,0,1,0,0,0,1
1164,0,0,3,1,1,0,0,0,0,0,1,1,1,0,1,0,0,0,0,0,0
1165,1,1,3,0,1,0,0,0,0,0,0,0,1,0,0,0,1,0,0,0,0
1166,0,1,6,0,1,0,1,0,0,0,1,1,1,0,0,0,0,1,0,0,0
1167,0,0,3,1,1,0,1,0,0,0,1,1,1,0,0,0,0,1,0,0,1
1168,1,1,3,0,1,0,0,0,0,0,0,0,1,0,0,0,1,1,0,0,0
1169,0,0,3,0,1,0,0,0,0,0,0,0,1,1,0,0,0,0,1,0,1
1170,1,1,3,1,1,1,0,0,0,1,1,1,1,0,0,1,1,0,0,0,0
1171,1,1,3,0,1,0,0,0,0,0,1,0,1,1,0,0,1,0,1,0,1
1172,1,1,12,0,0,0,0,0,0,0,0,0,0,0,0,0,0,0,0,0,0
1173,0,1,3,1,1,1,0,0,0,0,0,0,1,0,0,1,1,0,0,0,1
1174,0,0,3,0,1,0,0,0,0,0,0,0,1,0,0,0,1,1,0,0,1
1175,1,1,3,1,1,1,0,0,0,0,0,0,1,0,0,1,1,0,0,0,1
1176,0,1,3,1,1,1,0,0,0,0,0,0,1,0,0,1,1,0,0,0,1
1177,0,0,3,0,1,0,0,0,0,0,0,0,1,0,0,0,0,0,0,0,0
1178,0,1,3,1,1,1,0,0,0,0,0,0,1,1,0,0,1,0,1,0,1
1179,1,1,3,1,1,1,0,0,0,0,0,0,1,0,0,1,1,0,0,0,0
1180,0,1,3,1,1,0,0,0,0,0,1,1,1,1,0,1,1,0,1,0,0
1181,1,1,3,1,1,0,1,0,0,0,1,1,1,1,0,0,1,0,1,0,1
1182,0,0,6,1,1,0,0,0,0,0,0,1,1,0,0,0,0,0,0,0,0
1183,0,1,3,1,1,1,0,0,0,0,1,1,1,0,0,1,1,0,0,0,1
1184,0,1,3,1,1,1,0,0,0,0,1,1,1,0,1,0,1,1,0,0,1
1185,0,1,3,0,1,0,0,0,0,0,1,1,1,0,1,0,1,1,0,0,0
1186,0,1,3,0,1,0,1,0,0,0,1,1,1,0,0,0,1,0,0,0,1
1187,0,1,3,1,1,1,0,0,0,0,0,0,1,0,0,0,1,0,0,0,0
1189,1,1,3,0,1,0,0,0,0,0,1,1,1,0,0,0,1,0,0,0,0
1190,0,1,3,0,1,0,1,0,0,0,0,0,1,0,0,0,1,0,0,0,1
1191,0,1,6,0,1,0,0,0,0,0,1,1,1,0,0,0,0,0,0,0,0
1192,0,1,3,0,1,0,0,0,0,0,1,1,1,0,0,1,1,1,0,0,0
1193,1,1,3,1,1,1,0,0,0,1,0,1,1,0,0,1,1,0,0,0,1
1194,1,1,3,0,1,0,0,0,0,0,0,0,1,0,0,0,1,0,0,0,1
1195,1,1,3,1,1,1,0,0,0,0,0,0,1,0,0,1,1,1,0,0,0
1196,0,0,6,0,1,0,0,0,0,0,1,1,1,0,0,0,0,0,0,0,1
1197,0,1,3,1,1,1,0,0,0,0,0,0,1,0,0,1,1,0,0,0,1
1198,1,1,3,1,1,1,0,0,0,0,0,0,1,0,0,1,1,0,0,0,0
1199,0,1,3,0,1,0,0,0,0,0,0,0,1,1,0,0,1,0,1,0,0
1200,1,1,3,1,1,1,1,0,0,0,1,1,1,0,1,0,1,1,0,0,0
1201,0,1,3,0,1,0,0,0,0,0,0,0,1,0,0,0,0,0,0,0,0
1202,0,1,3,0,1,0,0,0,0,0,0,0,1,1,0,0,1,0,1,0,0
1203,1,1,3,0,1,0,0,0,0,0,0,0,1,0,0,0,1,0,0,0,0
1204,1,1,3,0,1,0,0,0,0,0,0,0,1,0,0,0,1,0,0,0,0
1205,0,1,3,1,1,1,0,0,0,0,0,0,1,0,0,1,1,0,0,0,0
1206,0,1,3,1,1,1,0,0,0,0,1,0,1,1,0,1,1,0,1,0,0
1207,0,1,3,1,1,1,0,0,0,0,0,0,1,0,0,1,1,0,0,0,0
1208,0,0,3,1,1,1,1,0,0,0,1,1,1,0,1,0,1,0,0,0,1
1209,0,1,3,0,1,0,0,0,0,0,0,0,1,0,0,0,1,0,0,0,0
1210,0,1,3,0,1,0,0,0,0,0,1,1,1,1,0,1,1,0,1,0,1
1211,0,1,3,0,1,0,0,0,0,0,1,1,1,0,1,0,1,0,0,0,0
1212,0,1,3,1,1,1,0,0,0,0,0,0,1,0,0,1,1,0,0,0,0
1213,1,1,3,1,1,0,0,0,0,0,1,1,1,0,1,1,1,1,0,0,0
1214,1,1,3,0,1,0,1,0,0,0,1,1,1,0,0,0,1,0,0,0,1
1215,1,1,3,1,1,1,0,0,0,0,0,0,1,0,0,0,0,0,0,0,0
1216,0,1,3,1,1,1,1,0,0,0,0,0,1,0,0,0,0,0,0,0,1
1217,0,1,12,0,1,0,0,0,0,0,0,0,1,1,0,0,0,0,1,0,0
1218,0,1,3,0,1,0,0,0,0,0,0,0,1,1,0,0,1,0,1,0,1
1219,1,1,3,1,1,1,1,0,0,0,1,1,1,0,1,0,1,1,0,0,0
1220,0,1,3,1,1,1,1,0,0,0,1,1,1,1,1,0,1,0,1,0,1
1221,0,0,3,0,1,0,0,0,0,1,1,1,1,0,0,0,0,0,0,0,1
1222,0,1,3,1,1,0,1,1,0,0,1,1,1,0,1,0,0,0,0,0,0
1223,0,1,3,1,1,1,1,0,0,0,1,1,1,0,0,1,1,0,0,0,1
1224,0,1,3,1,1,1,1,0,0,0,1,1,1,0,0,1,1,1,0,0,1
1225,0,1,3,1,1,1,1,0,0,0,0,0,1,0,0,1,1,0,0,0,1
1226,1,1,3,0,1,0,0,0,0,0,0,0,1,0,0,0,1,0,0,0,0
1227,1,1,3,1,1,1,1,0,0,0,1,1,1,0,1,0,1,0,0,0,0
1228,0,1,3,0,1,0,0,0,0,0,0,0,1,0,0,0,1,0,0,0,1
1229,0,1,3,1,1,1,1,0,0,0,1,1,1,0,0,1,1,0,0,0,1
1230,1,1,3,0,1,0,0,0,0,0,0,0,1,1,0,0,1,0,1,0,1
1231,1,1,3,1,1,0,1,0,0,0,1,1,1,0,0,0,0,0,0,0,0
1232,0,1,3,1,1,1,0,0,0,0,0,0,1,0,0,1,1,0,0,0,0
1233,0,1,3,1,1,1,1,0,0,0,1,1,1,0,1,0,1,1,0,0,0
1234,0,1,3,1,1,0,1,0,0,0,0,0,1,1,0,0,0,0,1,0,1
1235,0,0,3,1,1,1,0,0,0,0,0,0,1,0,0,1,1,0,0,0,0
1236,0,1,3,1,1,1,1,0,0,0,1,1,1,0,1,0,1,0,0,0,0
1237,1,1,12,0,1,0,0,0,0,0,0,0,1,0,0,0,0,0,0,0,1
1238,0,1,3,1,1,1,0,0,0,0,0,0,1,0,0,1,1,0,0,0,1
1239,0,1,3,1,1,1,1,0,0,0,0,0,1,0,0,0,1,0,0,0,1
1240,0,1,3,1,1,1,0,0,0,0,0,0,1,0,0,1,1,0,0,0,0
1241,0,1,3,1,1,1,0,0,0,0,0,0,1,0,0,1,1,0,0,0,1
1242,0,1,3,0,1,0,0,0,0,0,1,1,1,1,0,0,1,0,1,0,0
1243,0,1,3,1,1,1,0,0,0,0,0,0,1,0,0,1,1,0,0,0,0
1244,0,0,3,0,1,0,0,0,0,0,0,0,1,0,0,0,0,0,0,0,0
1245,0,1,3,1,1,0,0,0,0,0,1,1,1,0,0,1,1,0,0,0,0
1246,1,1,3,0,1,0,0,0,0,0,0,0,1,0,0,1,1,0,0,0,0
1247,1,1,3,0,1,0,0,0,0,0,0,0,1,0,0,0,1,0,0,0,0
1248,0,0,3,0,1,0,1,0,0,0,1,1,1,0,0,0,0,1,0,0,0
1249,1,1,3,0,1,0,0,0,0,0,1,0,1,1,0,0,1,0,1,0,1
1250,1,1,3,1,1,1,0,0,0,0,0,0,1,0,0,1,1,0,0,0,1
1251,0,1,3,0,1,0,0,0,0,0,1,1,1,0,0,0,0,0,0,0,1
1252,0,1,3,0,1,0,0,0,0,0,0,0,1,1,0,0,1,0,1,0,1
1253,0,0,3,1,1,0,1,0,0,0,0,0,1,0,0,0,0,0,0,0,1
1254,0,1,3,1,1,1,0,0,0,0,0,0,1,0,0,0,1,0,0,0,0
1255,0,1,3,0,1,0,0,0,0,0,0,0,1,0,0,0,1,0,0,0,1
1256,0,1,3,1,1,1,0,0,0,0,0,0,1,0,0,0,0,0,0,0,0
1257,0,1,3,0,0,0,0,0,0,0,0,0,0,0,0,0,0,0,0,0,0
1258,0,0,12,1,0,0,0,0,0,0,0,0,1,0,0,0,0,0,0,0,1
1259,1,1,3,1,1,1,0,0,0,0,1,1,1,0,1,0,1,0,0,0,0
1260,0,1,3,1,1,0,0,0,0,0,0,0,1,0,0,0,0,0,0,0,0
1261,0,0,3,0,1,0,0,0,0,0,1,1,1,0,0,0,1,0,0,0,1
1262,0,1,3,0,1,0,0,0,0,1,1,1,1,0,1,0,1,0,0,0,1
1263,1,1,3,0,1,0,0,0,0,0,0,0,1,0,0,0,1,0,0,0,0
1264,0,1,3,0,1,1,0,0,0,0,0,0,1,0,1,1,1,1,0,0,0
1265,1,1,3,0,1,0,0,0,0,0,1,1,1,0,0,0,1,1,0,0,0
1266,0,1,3,1,1,1,1,0,0,0,1,1,1,0,0,0,1,0,0,0,1
1267,0,1,3,1,1,1,0,0,0,0,0,0,1,0,0,1,1,0,0,0,0
1268,0,0,3,0,1,0,0,0,0,0,0,0,1,0,0,0,0,0,0,0,0
1269,0,0,6,0,1,0,0,0,0,0,1,1,1,1,0,0,0,1,1,0,0
1270,0,0,12,0,1,0,0,0,0,0,0,0,1,0,0,0,0,0,0,0,1
1271,0,0,6,0,1,0,0,0,0,0,0,0,1,0,0,0,0,0,0,0,1
1272,0,1,6,0,0,0,0,0,0,0,0,0,1,0,0,0,0,0,0,0,1
1273,0,1,3,1,1,1,0,0,0,0,0,0,1,0,0,1,1,0,0,0,0
1274,0,0,3,0,1,0,1,0,0,0,1,1,1,0,1,0,1,0,0,0,0
1275,1,0,12,0,0,0,0,0,0,0,0,0,0,0,0,0,0,0,0,0,0
1276,1,1,3,1,1,1,1,0,0,1,1,1,1,0,1,0,0,0,0,0,1
1277,0,1,6,0,1,0,0,0,0,0,1,1,1,0,0,0,0,0,0,0,1
1278,0,1,3,1,1,1,0,0,0,0,0,0,1,0,0,1,1,0,0,0,1
1279,1,1,3,1,1,1,0,0,0,0,0,0,1,0,0,1,1,0,0,0,0
1280,0,0,3,0,0,0,0,0,0,0,0,0,1,0,0,0,0,0,0,0,0
1281,0,1,3,1,1,1,1,0,0,1,1,1,1,0,1,0,1,1,0,0,1
1282,0,1,3,0,1,1,0,0,0,0,0,0,1,0,0,1,1,0,0,0,1
1283,0,1,3,0,1,0,0,0,0,1,1,1,1,0,0,1,1,0,0,0,0
1284,1,1,3,1,1,1,1,0,0,0,1,1,1,0,1,0,1,1,0,0,0
1285,0,0,3,1,1,1,1,0,0,0,0,0,1,0,0,1,1,0,0,0,1
1286,0,1,3,1,1,1,0,0,0,0,0,0,1,0,0,1,1,0,0,0,0
1287,0,1,12,0,1,0,0,0,0,0,1,1,1,0,0,0,0,0,0,0,0
1288,0,1,3,0,1,0,0,0,0,1,0,0,1,0,0,0,1,0,0,0,1
1289,0,1,3,0,1,1,0,0,0,0,1,1,1,0,0,1,1,0,0,0,0
1290,0,1,3,0,1,0,1,0,0,0,1,1,1,0,1,0,1,1,0,0,0
1291,0,1,3,1,1,1,1,0,0,0,1,1,1,0,1,0,1,0,0,0,1
1292,0,1,3,1,1,1,0,0,0,0,0,0,1,0,0,1,1,0,0,0,0
1293,0,1,3,0,1,0,0,0,0,0,1,1,1,0,1,0,1,0,0,0,1
1294,0,1,3,1,1,0,1,0,0,0,1,1,1,0,0,0,1,0,0,0,0
1295,0,1,3,1,1,1,0,0,0,0,1,1,1,0,0,1,1,0,0,0,1
1296,1,1,3,0,1,0,0,0,0,0,0,0,1,1,0,0,1,0,1,0,1
1297,1,0,3,0,1,0,1,0,0,0,1,1,1,0,0,0,0,0,0,0,1
1298,1,1,3,0,1,0,0,0,0,0,1,1,1,0,1,0,1,0,0,0,0
1299,1,1,3,0,1,0,0,0,0,0,0,0,1,0,0,0,1,0,0,0,0
1300,0,1,3,0,1,0,0,0,0,0,1,1,1,0,0,0,1,0,0,0,0
1301,0,1,6,0,1,0,0,0,0,0,0,0,1,1,0,0,0,0,1,0,1
1302,0,1,3,1,1,1,0,0,0,0,0,0,1,0,0,0,0,0,0,0,1
1303,1,1,3,1,1,1,1,0,0,0,0,0,1,0,0,1,1,0,0,0,0
1304,0,0,6,0,0,0,0,0,0,1,0,0,1,0,0,0,0,0,0,0,0
1305,0,1,3,1,1,1,1,0,0,0,0,0,1,0,0,1,1,0,0,0,0
1306,0,1,6,0,0,0,0,0,0,0,0,0,0,0,0,0,0,0,0,0,0
1307,1,0,12,0,0,0,0,0,0,0,0,0,0,0,0,0,0,0,0,0,0
1308,0,1,3,0,0,0,0,0,0,0,1,1,1,0,0,0,0,0,0,0,1
1309,1,1,3,1,1,1,0,0,0,0,1,1,1,0,0,1,1,0,0,0,0
1310,1,1,3,1,1,1,0,0,0,1,1,0,1,0,0,1,1,0,0,0,1
1311,0,1,3,1,1,0,0,0,0,0,0,0,1,0,0,0,0,0,0,0,0
1312,1,1,3,0,1,0,0,0,0,0,1,0,1,1,0,0,1,0,1,0,0
1313,1,1,3,1,1,0,0,0,0,0,0,0,1,0,0,1,1,0,0,0,1
1314,0,1,3,0,1,0,1,0,0,0,1,1,1,0,0,0,1,0,0,0,0
1315,0,0,6,0,0,0,0,0,0,0,0,0,0,0,0,0,0,0,0,0,0
1316,1,1,3,0,1,0,1,0,0,0,1,1,1,0,0,0,1,0,0,0,0
1317,0,1,3,0,1,0,0,0,0,1,1,1,1,0,1,0,1,0,0,0,0
1318,1,1,3,0,1,0,0,0,0,0,0,0,1,0,0,0,1,1,0,0,0
1319,1,1,3,0,1,1,1,0,0,0,1,1,1,0,0,0,1,0,0,0,1
1320,1,1,3,1,1,1,0,0,0,0,0,1,1,0,0,1,1,0,0,0,0
1321,0,1,3,0,1,0,1,0,0,0,1,1,1,1,0,0,0,0,1,0,1
1322,1,1,3,1,1,1,0,0,0,0,0,0,1,0,0,0,1,0,0,0,0
1323,0,1,3,1,1,1,0,0,0,1,0,0,1,0,0,0,0,0,0,0,0
1324,0,1,3,0,1,0,0,0,0,0,1,0,1,1,0,1,1,0,1,0,0
1325,0,1,3,0,1,0,0,0,0,0,0,0,1,0,0,0,1,0,0,0,0
1326,0,1,3,1,1,1,1,0,0,0,1,1,1,1,1,0,1,1,1,0,0
1327,0,1,3,1,1,1,1,0,0,0,1,1,1,0,0,1,1,0,0,0,0
1328,1,1,3,1,1,1,0,0,0,0,1,1,1,0,1,0,1,1,0,0,1
1329,0,1,3,1,1,1,1,0,0,0,1,1,1,0,1,0,1,1,0,0,1
1330,1,1,3,1,1,1,1,0,0,0,1,1,1,0,1,0,1,1,0,0,0
1331,0,0,3,0,1,0,1,0,0,0,1,1,1,0,0,0,0,0,0,0,0
1332,1,1,3,1,1,0,0,0,0,0,0,0,1,0,0,0,1,0,0,0,0
1333,0,1,3,1,1,1,0,0,0,0,0,0,1,0,0,1,1,0,0,0,0
1334,1,1,3,0,0,0,0,0,0,0,0,0,1,0,0,0,0,0,0,0,0
1335,1,1,3,1,1,1,0,0,0,0,1,1,1,0,1,0,1,1,0,0,1
1336,1,1,3,0,1,0,0,0,0,1,0,0,1,0,0,0,1,0,0,0,1
1337,0,1,3,1,1,1,0,0,0,0,0,0,1,0,0,0,1,0,0,0,1
1338,0,1,3,0,1,0,0,0,0,0,0,0,1,1,0,1,1,0,1,0,0
1339,1,1,3,0,1,0,0,0,0,0,0,0,1,0,0,0,0,1,0,0,0
1340,0,1,3,0,1,0,0,0,0,0,1,1,1,0,1,0,1,0,0,0,0
1341,0,1,3,0,1,1,0,0,0,0,0,0,1,0,0,0,1,0,0,0,1
1342,0,1,3,0,1,0,0,0,0,0,1,1,1,0,1,0,1,0,0,0,0
1343,0,1,6,0,1,0,0,0,0,0,1,1,1,0,0,0,0,0,0,0,0
1344,0,1,3,1,1,0,1,0,0,0,1,1,1,0,0,0,1,1,0,0,0
1345,0,0,3,0,1,0,0,0,0,0,1,1,1,0,0,0,0,0,0,0,1
1346,1,1,3,0,1,0,1,0,0,0,1,0,1,0,0,0,0,0,0,0,0
1347,1,1,3,1,1,1,0,0,0,0,0,0,1,0,0,1,1,0,0,0,0
1348,0,1,3,0,1,0,0,0,0,0,1,1,1,0,0,0,1,0,0,0,0
1349,1,1,3,1,1,0,1,0,0,0,1,1,1,0,1,0,1,1,0,0,1
1350,0,1,3,1,1,1,0,0,0,0,1,1,1,0,1,1,1,0,0,0,0
1351,0,1,3,0,1,0,1,0,0,0,0,0,1,0,0,0,1,0,0,0,0
1352,1,1,3,1,1,0,0,0,0,0,1,0,1,0,0,1,1,0,0,0,1
1353,0,1,6,1,1,0,0,0,0,0,0,0,1,0,0,0,0,0,0,0,0
1354,1,1,3,1,1,1,0,0,0,0,0,0,1,0,0,0,0,0,0,0,1
1355,1,1,3,1,1,1,1,0,0,0,0,0,1,0,0,1,1,0,0,0,0
1356,0,1,3,1,1,1,0,0,0,0,1,1,1,0,0,0,0,0,0,0,1
1357,0,1,3,1,1,1,0,0,0,0,0,0,1,0,0,0,0,0,0,0,0
1358,0,0,3,0,1,0,0,0,0,0,0,0,1,1,0,0,0,0,1,0,0
1359,1,1,3,1,1,1,0,0,0,0,1,1,1,0,0,0,1,0,0,0,0
1360,0,1,3,1,1,0,1,1,0,0,1,1,1,0,1,0,0,0,0,0,0
1361,1,1,12,0,1,0,0,0,0,0,1,1,1,0,0,0,0,0,0,0,0
1362,0,1,3,1,1,1,0,0,0,0,0,0,1,0,0,0,1,0,0,0,1
1363,0,1,3,1,1,1,0,0,0,1,1,1,1,0,0,1,1,0,0,0,0
1364,1,1,3,1,1,1,0,0,0,0,0,0,1,0,0,1,1,0,0,0,0
1365,0,0,6,0,1,1,1,0,0,0,1,1,1,0,1,0,0,0,0,0,1
1366,1,1,3,0,1,0,0,0,0,0,0,0,1,0,0,0,1,0,0,0,0
1367,1,1,3,1,1,1,1,0,0,0,1,1,1,1,0,1,1,0,1,0,0
1368,0,1,3,1,1,1,0,0,0,0,0,0,1,0,0,0,0,0,0,0,0
1369,1,1,3,1,1,1,1,0,0,0,1,1,1,0,0,1,1,0,0,0,1
1370,0,1,3,1,1,1,1,0,0,0,1,0,1,1,0,1,1,0,1,0,1
1371,0,1,3,1,1,1,0,0,0,0,1,1,1,0,0,1,1,0,0,0,1
1372,1,1,3,0,1,0,0,0,0,1,0,0,1,0,0,0,0,0,0,0,1
1373,0,1,6,1,1,0,0,0,0,0,1,1,1,1,0,0,0,1,1,0,0
1374,0,0,6,1,1,0,0,0,0,0,1,1,1,1,0,0,0,1,1,0,1
1375,0,1,3,1,1,0,1,1,0,0,1,1,1,0,1,0,0,0,0,0,0
1376,1,1,3,1,1,1,0,0,0,0,0,0,1,0,0,1,1,0,0,0,0
1377,0,1,3,0,1,0,0,0,0,0,1,1,1,0,0,0,1,0,0,0,0
1378,0,1,3,0,1,0,0,0,0,0,0,0,1,0,0,0,1,0,0,0,0
1379,0,1,3,0,1,0,0,0,0,0,0,0,1,0,0,0,1,1,0,0,1
1380,1,1,3,1,1,1,0,0,0,0,0,0,1,0,0,1,1,1,0,0,1
1381,0,1,3,1,1,1,0,0,0,0,1,1,1,0,1,1,1,1,0,0,1
1382,1,1,3,0,1,0,0,0,0,0,0,0,1,0,0,0,0,0,0,0,0
1383,0,1,3,0,1,0,1,0,0,0,1,1,1,0,0,1,1,1,0,0,1
1384,1,1,3,1,1,1,1,0,0,0,1,1,1,0,0,1,1,0,0,0,0
1385,0,0,6,1,1,0,0,0,0,0,1,1,1,0,0,0,0,0,0,0,0
1386,0,1,3,0,1,0,0,0,0,0,0,0,1,0,0,0,0,0,0,0,0
1387,1,1,3,0,1,0,1,0,0,0,1,1,1,0,0,0,1,0,0,0,0
1388,0,1,3,0,1,0,0,0,0,0,1,1,1,1,0,0,1,0,1,0,1
1389,0,1,3,1,1,1,0,0,0,0,0,0,1,0,0,1,1,0,0,0,0
1390,1,1,3,0,1,1,1,0,0,0,0,0,1,0,0,1,1,0,0,0,0
1391,0,1,3,0,1,0,0,0,0,0,0,0,1,0,0,0,0,0,0,0,0
1392,0,1,3,0,1,0,0,0,0,0,0,1,1,0,0,1,1,0,0,0,1
1393,1,1,3,1,1,1,0,0,0,0,1,1,1,0,0,0,1,0,0,0,1
1394,0,1,3,1,1,0,0,0,0,0,1,1,1,0,0,0,0,0,0,0,0
1395,0,0,6,1,0,0,1,0,0,0,1,1,1,1,0,0,0,0,1,0,0
1396,0,1,3,0,1,0,0,0,0,0,0,0,1,0,0,0,1,0,0,0,1
1397,1,1,3,0,1,0,0,0,0,0,1,1,1,0,0,0,0,0,0,0,1
1398,0,1,3,1,1,1,0,0,0,0,0,0,1,1,0,0,0,0,1,0,0
1399,0,1,3,0,1,0,0,0,0,0,1,1,1,0,0,0,1,0,0,0,0
1400,0,1,3,1,1,1,0,0,0,1,0,0,1,0,0,0,0,0,0,0,1
1401,0,1,3,1,1,1,0,0,0,0,1,1,1,0,0,0,0,0,0,0,0
1402,1,1,3,0,0,0,0,0,0,0,0,0,1,0,0,0,0,0,0,0,0
1403,0,1,3,0,1,0,0,0,0,0,1,1,1,0,1,0,1,0,0,0,0
1404,1,1,3,1,1,1,0,0,0,0,0,0,1,0,0,0,1,0,0,0,0
1405,0,1,3,1,1,1,0,0,0,0,1,1,1,0,0,0,1,1,0,0,0
1406,0,1,12,0,0,0,0,0,0,0,0,0,1,0,0,0,0,0,0,0,1
1407,0,1,6,0,1,0,0,0,0,0,0,0,1,1,0,0,0,0,1,0,0
1408,0,0,3,0,1,0,1,0,0,0,0,1,0,0,0,0,0,0,0,0,1
1409,1,1,3,0,1,0,0,0,0,0,1,1,1,1,1,0,1,0,1,0,1
1410,0,1,3,0,1,0,0,0,0,0,0,0,1,0,0,0,1,0,0,0,0
1411,0,1,3,1,1,1,1,0,0,0,1,1,1,0,0,1,1,0,0,0,1
1412,1,1,3,1,1,1,0,0,0,0,0,0,1,0,0,0,1,0,0,0,0
1413,0,1,3,1,1,1,1,0,0,1,0,0,1,0,0,1,1,0,0,0,0
1414,0,1,3,0,1,0,1,0,0,0,1,1,1,0,0,0,1,0,0,0,1
1415,1,1,3,1,1,0,1,0,0,1,1,1,1,0,1,1,1,1,0,0,0
1416,0,1,3,1,1,1,0,0,0,0,0,0,1,0,0,1,1,0,0,0,1
1417,0,1,3,0,1,0,0,0,0,0,1,0,1,0,0,0,0,0,0,0,0
1418,1,1,3,0,1,0,0,0,0,0,0,0,1,0,0,0,1,0,0,0,0
1419,1,1,3,1,1,1,0,0,0,0,0,0,1,0,0,1,1,0,0,0,0
1420,1,1,3,0,1,0,1,0,0,0,1,0,1,1,1,0,1,0,1,0,1
1421,0,1,3,1,1,0,0,0,0,0,0,0,1,0,1,0,1,0,0,0,1
1422,0,1,3,1,1,1,0,0,0,0,0,0,1,0,0,1,1,0,0,0,0
1423,0,1,6,0,0,0,0,0,0,0,1,0,1,1,0,0,0,0,1,0,0
1424,0,1,3,1,1,1,0,0,0,0,0,0,1,0,0,1,1,0,0,0,0
1425,1,1,3,1,1,1,0,0,0,0,0,0,1,0,0,1,1,0,0,0,0
1426,1,1,3,0,1,0,1,0,0,0,1,1,1,0,0,0,1,1,0,0,0
1427,0,1,3,0,0,0,0,0,0,0,0,0,0,0,0,0,0,0,0,0,0
1428,0,1,3,0,1,0,0,0,0,0,0,0,1,0,0,0,1,0,0,0,0
1429,1,1,3,0,1,0,0,0,0,0,1,1,1,0,0,0,1,1,0,0,0
1430,0,1,3,1,1,0,0,0,0,0,0,0,1,0,0,0,0,0,0,0,0
1431,0,1,6,0,1,0,0,0,0,0,0,0,1,0,0,0,0,0,0,0,0
1432,1,1,12,0,0,0,0,0,0,0,0,0,0,0,0,0,0,0,0,0,0
1433,1,1,12,0,1,0,1,0,0,0,0,0,1,0,0,0,0,0,0,0,1
1434,1,1,3,0,1,1,0,0,0,0,0,0,1,0,0,0,1,0,0,0,0
1435,0,1,3,1,1,1,0,0,0,0,0,0,1,0,0,1,1,0,0,0,0
1436,1,1,12,0,1,0,0,0,0,0,0,0,1,0,0,0,0,0,0,0,1
1437,0,1,3,1,1,1,0,0,0,0,0,0,1,0,0,1,1,1,0,0,0
1438,1,1,3,1,1,1,1,0,0,0,1,1,1,0,1,1,1,0,0,0,0
1439,0,1,3,1,1,1,0,0,0,0,0,0,1,0,0,1,1,0,0,0,0
1440,0,1,3,0,1,1,0,0,0,0,0,0,1,0,0,0,1,0,0,0,0
1441,1,1,3,0,0,0,0,0,0,0,0,0,0,0,0,0,1,0,0,0,0
1442,0,0,3,0,1,0,0,0,0,0,0,0,1,0,0,0,0,0,0,0,0
